2026-07-01 12:07:01,796 | INFO     | apps.notifications.scheduler | Notification scheduler started — service_reminder: daily 10:00 AM | auto_absent: every 1 hr
2026-07-01 15:11:53,443 | INFO     | apps.notifications.scheduler | Notification scheduler started — service_reminder: daily 10:00 AM | auto_absent: every 1 hr
2026-07-01 15:11:53,471 | INFO     | django.utils.autoreload | Watching for file changes with StatReloader
2026-07-01 15:12:05,346 | INFO     | django.server | "OPTIONS /api/customers/vehicle-companies/ HTTP/1.1" 200 0
2026-07-01 15:12:05,346 | INFO     | django.server | "OPTIONS /api/jobcards/customer-tiers/ HTTP/1.1" 200 0
2026-07-01 15:12:05,357 | INFO     | django.server | "OPTIONS /api/customers/vehicle-companies/ HTTP/1.1" 200 0
2026-07-01 15:12:05,359 | INFO     | django.server | "OPTIONS /api/employees/ HTTP/1.1" 200 0
2026-07-01 15:12:05,359 | INFO     | django.server | "OPTIONS /api/employees/ HTTP/1.1" 200 0
2026-07-01 15:12:05,359 | INFO     | django.server | "OPTIONS /api/jobcards/ HTTP/1.1" 200 0
2026-07-01 15:12:05,554 | INFO     | django.server | "GET /api/customers/vehicle-companies/ HTTP/1.1" 200 106
2026-07-01 15:12:05,601 | INFO     | django.server | "GET /api/customers/vehicle-companies/ HTTP/1.1" 200 106
2026-07-01 15:12:05,601 | INFO     | django.server | "GET /api/jobcards/customer-tiers/ HTTP/1.1" 200 251
2026-07-01 15:12:05,603 | INFO     | django.server | "GET /api/employees/ HTTP/1.1" 200 390
2026-07-01 15:12:05,627 | INFO     | django.server | "GET /api/jobcards/customer-tiers/ HTTP/1.1" 200 251
2026-07-01 15:12:05,630 | INFO     | django.server | "GET /api/employees/ HTTP/1.1" 200 390
2026-07-01 15:12:06,075 | INFO     | django.server | "GET /api/jobcards/ HTTP/1.1" 200 15494
2026-07-01 15:12:06,650 | INFO     | django.server | "GET /api/jobcards/ HTTP/1.1" 200 15494
2026-07-01 15:12:45,196 | INFO     | django.server | "GET /api/employees/ HTTP/1.1" 200 390
2026-07-01 15:12:45,197 | INFO     | django.server | "GET /api/jobcards/customer-tiers/ HTTP/1.1" 200 251
2026-07-01 15:12:45,197 | INFO     | django.server | "GET /api/customers/vehicle-companies/ HTTP/1.1" 200 106
2026-07-01 15:12:45,227 | INFO     | django.server | "GET /api/employees/ HTTP/1.1" 200 390
2026-07-01 15:12:45,235 | INFO     | django.server | "GET /api/customers/vehicle-companies/ HTTP/1.1" 200 106
2026-07-01 15:12:45,281 | INFO     | django.server | "GET /api/jobcards/customer-tiers/ HTTP/1.1" 200 251
2026-07-01 15:12:45,959 | INFO     | django.server | "GET /api/jobcards/ HTTP/1.1" 200 15494
2026-07-01 15:12:46,396 | INFO     | django.server | "GET /api/jobcards/ HTTP/1.1" 200 15494
2026-07-01 15:13:08,490 | INFO     | django.server | "OPTIONS /api/settings/ HTTP/1.1" 200 0
2026-07-01 15:13:08,491 | INFO     | django.server | "OPTIONS /api/settings/ HTTP/1.1" 200 0
2026-07-01 15:13:08,505 | INFO     | django.server | "GET /api/employees/ HTTP/1.1" 200 390
2026-07-01 15:13:08,505 | INFO     | django.server | "GET /api/jobcards/customer-tiers/ HTTP/1.1" 200 251
2026-07-01 15:13:08,528 | INFO     | django.server | "GET /api/settings/ HTTP/1.1" 200 8069
2026-07-01 15:13:08,535 | INFO     | django.server | "GET /api/employees/ HTTP/1.1" 200 390
2026-07-01 15:13:08,535 | INFO     | django.server | "GET /api/jobcards/customer-tiers/ HTTP/1.1" 200 251
2026-07-01 15:13:08,549 | INFO     | django.server | "GET /api/settings/ HTTP/1.1" 200 8069
2026-07-01 15:13:26,001 | INFO     | django.server | "OPTIONS /api/customers/check-vehicle/?vehicle_number=TN58BH7701 HTTP/1.1" 200 0
2026-07-01 15:13:26,013 | INFO     | django.server | "GET /api/customers/check-vehicle/?vehicle_number=TN58BH7701 HTTP/1.1" 200 16
2026-07-01 15:13:59,307 | INFO     | django.server | "OPTIONS /api/finance/expense/?month=2026-07&search=&category= HTTP/1.1" 200 0
2026-07-01 15:13:59,308 | INFO     | django.server | "OPTIONS /api/finance/dashboard/?month=2026-07 HTTP/1.1" 200 0
2026-07-01 15:13:59,309 | INFO     | django.server | "OPTIONS /api/finance/expense/?month=2026-07&search=&category= HTTP/1.1" 200 0
2026-07-01 15:13:59,309 | INFO     | django.server | "OPTIONS /api/finance/dashboard/?month=2026-07 HTTP/1.1" 200 0
2026-07-01 15:13:59,309 | INFO     | django.server | "OPTIONS /api/finance/income/?month=2026-07&search= HTTP/1.1" 200 0
2026-07-01 15:13:59,310 | INFO     | django.server | "OPTIONS /api/finance/income/?month=2026-07&search= HTTP/1.1" 200 0
2026-07-01 15:13:59,382 | INFO     | django.server | "GET /api/finance/dashboard/?month=2026-07 HTTP/1.1" 200 1230
2026-07-01 15:13:59,393 | INFO     | django.server | "GET /api/finance/income/?month=2026-07&search= HTTP/1.1" 200 825
2026-07-01 15:13:59,417 | INFO     | django.server | "GET /api/finance/dashboard/?month=2026-07 HTTP/1.1" 200 1230
2026-07-01 15:13:59,422 | INFO     | django.server | "GET /api/finance/income/?month=2026-07&search= HTTP/1.1" 200 825
2026-07-01 15:13:59,424 | INFO     | django.server | "GET /api/finance/expense/?month=2026-07&search=&category= HTTP/1.1" 200 2
2026-07-01 15:13:59,433 | INFO     | django.server | "GET /api/finance/expense/?month=2026-07&search=&category= HTTP/1.1" 200 2
2026-07-01 15:14:34,000 | INFO     | apps.notifications.scheduler | Notification scheduler started — service_reminder: daily 10:00 AM | auto_absent: every 1 hr
2026-07-01 15:14:34,011 | INFO     | django.utils.autoreload | Watching for file changes with StatReloader
2026-07-01 15:14:47,004 | INFO     | django.server | "GET /api/customers/vehicle-companies/ HTTP/1.1" 200 106
2026-07-01 15:14:47,004 | INFO     | django.server | "GET /api/employees/ HTTP/1.1" 200 390
2026-07-01 15:14:47,018 | INFO     | django.server | "GET /api/jobcards/customer-tiers/ HTTP/1.1" 200 251
2026-07-01 15:14:47,036 | INFO     | django.server | "GET /api/employees/ HTTP/1.1" 200 390
2026-07-01 15:14:47,037 | INFO     | django.server | "GET /api/customers/vehicle-companies/ HTTP/1.1" 200 106
2026-07-01 15:14:47,038 | INFO     | django.server | "GET /api/jobcards/customer-tiers/ HTTP/1.1" 200 251
2026-07-01 15:14:47,496 | INFO     | django.server | "GET /api/jobcards/ HTTP/1.1" 200 15494
2026-07-01 15:14:48,067 | INFO     | django.server | "GET /api/jobcards/ HTTP/1.1" 200 15494
2026-07-01 15:17:13,960 | INFO     | django.server | "OPTIONS /api/jobcards/11/ HTTP/1.1" 200 0
2026-07-01 15:17:13,960 | INFO     | django.server | "OPTIONS /api/services/ HTTP/1.1" 200 0
2026-07-01 15:17:13,960 | INFO     | django.server | "OPTIONS /api/jobcards/11/ HTTP/1.1" 200 0
2026-07-01 15:17:13,960 | INFO     | django.server | "OPTIONS /api/services/ HTTP/1.1" 200 0
2026-07-01 15:17:14,059 | INFO     | django.server | "GET /api/services/ HTTP/1.1" 200 2632
2026-07-01 15:17:14,059 | INFO     | django.server | "GET /api/employees/ HTTP/1.1" 200 390
2026-07-01 15:17:14,084 | INFO     | django.server | "GET /api/employees/ HTTP/1.1" 200 390
2026-07-01 15:17:14,097 | INFO     | django.server | "GET /api/jobcards/11/ HTTP/1.1" 200 1917
2026-07-01 15:17:14,131 | INFO     | django.server | "GET /api/services/ HTTP/1.1" 200 2632
2026-07-01 15:17:14,193 | INFO     | django.server | "GET /api/jobcards/11/ HTTP/1.1" 200 1917
2026-07-01 15:17:52,102 | INFO     | django.server | "GET /api/employees/ HTTP/1.1" 200 390
2026-07-01 15:17:52,102 | INFO     | django.server | "GET /api/customers/vehicle-companies/ HTTP/1.1" 200 106
2026-07-01 15:17:52,123 | INFO     | django.server | "GET /api/jobcards/customer-tiers/ HTTP/1.1" 200 251
2026-07-01 15:17:52,132 | INFO     | django.server | "GET /api/customers/vehicle-companies/ HTTP/1.1" 200 106
2026-07-01 15:17:52,136 | INFO     | django.server | "GET /api/employees/ HTTP/1.1" 200 390
2026-07-01 15:17:52,141 | INFO     | django.server | "GET /api/jobcards/customer-tiers/ HTTP/1.1" 200 251
2026-07-01 15:17:52,561 | INFO     | django.server | "GET /api/jobcards/ HTTP/1.1" 200 15494
2026-07-01 15:17:52,946 | INFO     | django.server | "GET /api/jobcards/ HTTP/1.1" 200 15494
2026-07-01 15:18:08,661 | INFO     | apps.notifications.scheduler | Notification scheduler started — service_reminder: daily 10:00 AM | auto_absent: every 1 hr
2026-07-01 15:18:08,672 | INFO     | django.utils.autoreload | Watching for file changes with StatReloader
2026-07-01 15:18:14,059 | INFO     | django.server | "GET /api/employees/ HTTP/1.1" 200 390
2026-07-01 15:18:14,059 | INFO     | django.server | "GET /api/customers/vehicle-companies/ HTTP/1.1" 200 106
2026-07-01 15:18:14,059 | INFO     | django.server | "GET /api/jobcards/customer-tiers/ HTTP/1.1" 200 251
2026-07-01 15:18:14,094 | INFO     | django.server | "GET /api/customers/vehicle-companies/ HTTP/1.1" 200 106
2026-07-01 15:18:14,095 | INFO     | django.server | "GET /api/jobcards/customer-tiers/ HTTP/1.1" 200 251
2026-07-01 15:18:14,095 | INFO     | django.server | "GET /api/employees/ HTTP/1.1" 200 390
2026-07-01 15:18:14,474 | INFO     | django.server | "GET /api/jobcards/ HTTP/1.1" 200 15494
2026-07-01 15:18:14,870 | INFO     | django.server | "GET /api/jobcards/ HTTP/1.1" 200 15494
2026-07-01 15:21:55,883 | INFO     | django.server | "OPTIONS /api/jobcards/?employee=1 HTTP/1.1" 200 0
2026-07-01 15:21:56,376 | INFO     | django.server | "GET /api/jobcards/?employee=1 HTTP/1.1" 200 19201
2026-07-01 15:22:00,912 | INFO     | django.server | "GET /api/jobcards/ HTTP/1.1" 200 15494
2026-07-01 15:47:39,584 | INFO     | django.server | "GET /api/customers/vehicle-companies/ HTTP/1.1" 200 106
2026-07-01 15:47:39,676 | INFO     | django.server | "GET /api/jobcards/customer-tiers/ HTTP/1.1" 200 251
2026-07-01 15:47:39,682 | INFO     | django.server | "GET /api/employees/ HTTP/1.1" 200 390
2026-07-01 15:47:39,683 | INFO     | django.server | "GET /api/customers/vehicle-companies/ HTTP/1.1" 200 106
2026-07-01 15:47:39,715 | INFO     | django.server | "GET /api/employees/ HTTP/1.1" 200 390
2026-07-01 15:47:39,785 | INFO     | django.server | "GET /api/jobcards/customer-tiers/ HTTP/1.1" 200 251
2026-07-01 15:47:40,156 | INFO     | django.server | "GET /api/jobcards/ HTTP/1.1" 200 15494
2026-07-01 15:47:40,604 | INFO     | django.server | "GET /api/jobcards/ HTTP/1.1" 200 15494
2026-07-01 15:50:50,419 | INFO     | django.utils.autoreload | D:\car-detailing-crm\backend\apps\jobcards\views.py changed, reloading.
2026-07-01 15:50:53,764 | INFO     | apps.notifications.scheduler | Notification scheduler started — service_reminder: daily 10:00 AM | auto_absent: every 1 hr
2026-07-01 15:50:53,794 | INFO     | django.utils.autoreload | Watching for file changes with StatReloader
2026-07-01 15:50:59,996 | INFO     | django.server | "GET /api/employees/ HTTP/1.1" 200 390
2026-07-01 15:50:59,996 | INFO     | django.server | "GET /api/customers/vehicle-companies/ HTTP/1.1" 200 106
2026-07-01 15:50:59,996 | INFO     | django.server | "GET /api/jobcards/customer-tiers/ HTTP/1.1" 200 251
2026-07-01 15:51:00,032 | INFO     | django.server | "GET /api/employees/ HTTP/1.1" 200 390
2026-07-01 15:51:00,035 | INFO     | django.server | "GET /api/customers/vehicle-companies/ HTTP/1.1" 200 106
2026-07-01 15:51:00,035 | INFO     | django.server | "GET /api/jobcards/customer-tiers/ HTTP/1.1" 200 251
2026-07-01 15:51:00,573 | INFO     | django.server | "GET /api/jobcards/ HTTP/1.1" 200 15494
2026-07-01 15:51:01,103 | INFO     | django.server | "GET /api/jobcards/ HTTP/1.1" 200 15494
2026-07-01 16:22:55,386 | INFO     | django.utils.autoreload | D:\car-detailing-crm\backend\apps\jobcards\views.py changed, reloading.
2026-07-01 16:22:58,265 | INFO     | apps.notifications.scheduler | Notification scheduler started — service_reminder: daily 10:00 AM | auto_absent: every 1 hr
2026-07-01 16:22:58,287 | INFO     | django.utils.autoreload | Watching for file changes with StatReloader
2026-07-01 16:23:26,015 | INFO     | django.utils.autoreload | D:\car-detailing-crm\backend\apps\jobcards\serializers.py changed, reloading.
2026-07-01 16:23:27,425 | INFO     | apps.notifications.scheduler | Notification scheduler started — service_reminder: daily 10:00 AM | auto_absent: every 1 hr
2026-07-01 16:23:27,435 | INFO     | django.utils.autoreload | Watching for file changes with StatReloader
2026-07-01 16:24:16,283 | INFO     | django.utils.autoreload | D:\car-detailing-crm\backend\apps\jobcards\views.py changed, reloading.
2026-07-01 16:24:17,845 | INFO     | apps.notifications.scheduler | Notification scheduler started — service_reminder: daily 10:00 AM | auto_absent: every 1 hr
2026-07-01 16:24:17,857 | INFO     | django.utils.autoreload | Watching for file changes with StatReloader
2026-07-01 16:27:04,203 | INFO     | django.utils.autoreload | D:\car-detailing-crm\backend\apps\jobcards\views.py changed, reloading.
2026-07-01 16:27:07,093 | INFO     | apps.notifications.scheduler | Notification scheduler started — service_reminder: daily 10:00 AM | auto_absent: every 1 hr
2026-07-01 16:27:07,116 | INFO     | django.utils.autoreload | Watching for file changes with StatReloader
2026-07-01 16:27:15,762 | INFO     | django.server | "GET /api/customers/vehicle-companies/ HTTP/1.1" 200 106
2026-07-01 16:27:15,774 | INFO     | django.server | "GET /api/customers/vehicle-companies/ HTTP/1.1" 200 106
2026-07-01 16:27:15,802 | INFO     | django.server | "GET /api/employees/ HTTP/1.1" 200 390
2026-07-01 16:27:15,818 | INFO     | django.server | "GET /api/jobcards/customer-tiers/ HTTP/1.1" 200 251
2026-07-01 16:27:15,819 | INFO     | django.server | "GET /api/employees/ HTTP/1.1" 200 390
2026-07-01 16:27:15,830 | INFO     | django.server | "GET /api/jobcards/customer-tiers/ HTTP/1.1" 200 251
2026-07-01 16:27:16,546 | ERROR    | django.request | Internal Server Error: /api/jobcards/
Traceback (most recent call last):
  File "D:\car-detailing-crm\backend\venv\Lib\site-packages\django\core\handlers\exception.py", line 55, in inner
    response = get_response(request)
  File "D:\car-detailing-crm\backend\venv\Lib\site-packages\django\core\handlers\base.py", line 198, in _get_response
    response = wrapped_callback(request, *callback_args, **callback_kwargs)
  File "D:\car-detailing-crm\backend\venv\Lib\site-packages\django\views\decorators\csrf.py", line 65, in _view_wrapper
    return view_func(request, *args, **kwargs)
  File "D:\car-detailing-crm\backend\venv\Lib\site-packages\django\views\generic\base.py", line 106, in view
    return self.dispatch(request, *args, **kwargs)
           ~~~~~~~~~~~~~^^^^^^^^^^^^^^^^^^^^^^^^^^
  File "D:\car-detailing-crm\backend\venv\Lib\site-packages\rest_framework\views.py", line 515, in dispatch
    response = self.handle_exception(exc)
  File "D:\car-detailing-crm\backend\venv\Lib\site-packages\rest_framework\views.py", line 475, in handle_exception
    self.raise_uncaught_exception(exc)
    ~~~~~~~~~~~~~~~~~~~~~~~~~~~~~^^^^^
  File "D:\car-detailing-crm\backend\venv\Lib\site-packages\rest_framework\views.py", line 486, in raise_uncaught_exception
    raise exc
  File "D:\car-detailing-crm\backend\venv\Lib\site-packages\rest_framework\views.py", line 512, in dispatch
    response = handler(request, *args, **kwargs)
  File "D:\car-detailing-crm\backend\apps\jobcards\views.py", line 139, in get
    return Response(serializer.data)
                    ^^^^^^^^^^^^^^^
  File "D:\car-detailing-crm\backend\venv\Lib\site-packages\rest_framework\serializers.py", line 809, in data
    ret = super().data
          ^^^^^^^^^^^^
  File "D:\car-detailing-crm\backend\venv\Lib\site-packages\rest_framework\serializers.py", line 251, in data
    self._data = self.to_representation(self.instance)
                 ~~~~~~~~~~~~~~~~~~~~~~^^^^^^^^^^^^^^^
  File "D:\car-detailing-crm\backend\venv\Lib\site-packages\rest_framework\serializers.py", line 728, in to_representation
    self.child.to_representation(item) for item in iterable
                                                   ^^^^^^^^
  File "D:\car-detailing-crm\backend\venv\Lib\site-packages\django\db\models\query.py", line 390, in __iter__
    self._fetch_all()
    ~~~~~~~~~~~~~~~^^
  File "D:\car-detailing-crm\backend\venv\Lib\site-packages\django\db\models\query.py", line 2002, in _fetch_all
    self._prefetch_related_objects()
    ~~~~~~~~~~~~~~~~~~~~~~~~~~~~~~^^
  File "D:\car-detailing-crm\backend\venv\Lib\site-packages\django\db\models\query.py", line 1369, in _prefetch_related_objects
    prefetch_related_objects(self._result_cache, *self._prefetch_related_lookups)
    ~~~~~~~~~~~~~~~~~~~~~~~~^^^^^^^^^^^^^^^^^^^^^^^^^^^^^^^^^^^^^^^^^^^^^^^^^^^^^
  File "D:\car-detailing-crm\backend\venv\Lib\site-packages\django\db\models\query.py", line 2426, in prefetch_related_objects
    raise AttributeError(
    ...<7 lines>...
    )
AttributeError: Cannot find 'job_card_products' on JobCardService object, 'job_card_services__job_card_products__usages' is an invalid parameter to prefetch_related()
2026-07-01 16:27:16,569 | ERROR    | django.server | "GET /api/jobcards/ HTTP/1.1" 500 25208
2026-07-01 16:27:16,666 | ERROR    | django.request | Internal Server Error: /api/jobcards/
Traceback (most recent call last):
  File "D:\car-detailing-crm\backend\venv\Lib\site-packages\django\core\handlers\exception.py", line 55, in inner
    response = get_response(request)
  File "D:\car-detailing-crm\backend\venv\Lib\site-packages\django\core\handlers\base.py", line 198, in _get_response
    response = wrapped_callback(request, *callback_args, **callback_kwargs)
  File "D:\car-detailing-crm\backend\venv\Lib\site-packages\django\views\decorators\csrf.py", line 65, in _view_wrapper
    return view_func(request, *args, **kwargs)
  File "D:\car-detailing-crm\backend\venv\Lib\site-packages\django\views\generic\base.py", line 106, in view
    return self.dispatch(request, *args, **kwargs)
           ~~~~~~~~~~~~~^^^^^^^^^^^^^^^^^^^^^^^^^^
  File "D:\car-detailing-crm\backend\venv\Lib\site-packages\rest_framework\views.py", line 515, in dispatch
    response = self.handle_exception(exc)
  File "D:\car-detailing-crm\backend\venv\Lib\site-packages\rest_framework\views.py", line 475, in handle_exception
    self.raise_uncaught_exception(exc)
    ~~~~~~~~~~~~~~~~~~~~~~~~~~~~~^^^^^
  File "D:\car-detailing-crm\backend\venv\Lib\site-packages\rest_framework\views.py", line 486, in raise_uncaught_exception
    raise exc
  File "D:\car-detailing-crm\backend\venv\Lib\site-packages\rest_framework\views.py", line 512, in dispatch
    response = handler(request, *args, **kwargs)
  File "D:\car-detailing-crm\backend\apps\jobcards\views.py", line 139, in get
    return Response(serializer.data)
                    ^^^^^^^^^^^^^^^
  File "D:\car-detailing-crm\backend\venv\Lib\site-packages\rest_framework\serializers.py", line 809, in data
    ret = super().data
          ^^^^^^^^^^^^
  File "D:\car-detailing-crm\backend\venv\Lib\site-packages\rest_framework\serializers.py", line 251, in data
    self._data = self.to_representation(self.instance)
                 ~~~~~~~~~~~~~~~~~~~~~~^^^^^^^^^^^^^^^
  File "D:\car-detailing-crm\backend\venv\Lib\site-packages\rest_framework\serializers.py", line 728, in to_representation
    self.child.to_representation(item) for item in iterable
                                                   ^^^^^^^^
  File "D:\car-detailing-crm\backend\venv\Lib\site-packages\django\db\models\query.py", line 390, in __iter__
    self._fetch_all()
    ~~~~~~~~~~~~~~~^^
  File "D:\car-detailing-crm\backend\venv\Lib\site-packages\django\db\models\query.py", line 2002, in _fetch_all
    self._prefetch_related_objects()
    ~~~~~~~~~~~~~~~~~~~~~~~~~~~~~~^^
  File "D:\car-detailing-crm\backend\venv\Lib\site-packages\django\db\models\query.py", line 1369, in _prefetch_related_objects
    prefetch_related_objects(self._result_cache, *self._prefetch_related_lookups)
    ~~~~~~~~~~~~~~~~~~~~~~~~^^^^^^^^^^^^^^^^^^^^^^^^^^^^^^^^^^^^^^^^^^^^^^^^^^^^^
  File "D:\car-detailing-crm\backend\venv\Lib\site-packages\django\db\models\query.py", line 2426, in prefetch_related_objects
    raise AttributeError(
    ...<7 lines>...
    )
AttributeError: Cannot find 'job_card_products' on JobCardService object, 'job_card_services__job_card_products__usages' is an invalid parameter to prefetch_related()
2026-07-01 16:27:16,675 | ERROR    | django.server | "GET /api/jobcards/ HTTP/1.1" 500 25208
2026-07-01 19:12:04,791 | INFO     | django.server | "OPTIONS /api/employees/ HTTP/1.1" 200 0
2026-07-01 19:12:04,816 | INFO     | django.server | "OPTIONS /api/jobcards/customer-tiers/ HTTP/1.1" 200 0
2026-07-01 19:12:04,760 | INFO     | django.server | "OPTIONS /api/jobcards/ HTTP/1.1" 200 0
2026-07-01 19:12:04,809 | INFO     | django.server | "OPTIONS /api/customers/vehicle-companies/ HTTP/1.1" 200 0
2026-07-01 19:12:04,816 | INFO     | django.server | "OPTIONS /api/employees/ HTTP/1.1" 200 0
2026-07-01 19:12:04,817 | INFO     | django.server | "OPTIONS /api/customers/vehicle-companies/ HTTP/1.1" 200 0
2026-07-01 19:12:05,182 | INFO     | django.server | "OPTIONS /api/jobcards/customer-tiers/ HTTP/1.1" 200 0
2026-07-01 19:12:05,304 | INFO     | django.server | "OPTIONS /api/jobcards/ HTTP/1.1" 200 0
2026-07-01 19:12:07,310 | INFO     | django.server | "GET /api/customers/vehicle-companies/ HTTP/1.1" 200 106
2026-07-01 19:12:07,439 | INFO     | django.server | "GET /api/employees/ HTTP/1.1" 200 390
2026-07-01 19:12:07,444 | INFO     | django.server | "GET /api/customers/vehicle-companies/ HTTP/1.1" 200 106
2026-07-01 19:12:07,445 | INFO     | django.server | "GET /api/jobcards/customer-tiers/ HTTP/1.1" 200 251
2026-07-01 19:12:07,485 | INFO     | django.server | "GET /api/employees/ HTTP/1.1" 200 390
2026-07-01 19:12:07,576 | INFO     | django.server | "GET /api/jobcards/customer-tiers/ HTTP/1.1" 200 251
2026-07-01 19:12:07,761 | ERROR    | django.request | Internal Server Error: /api/jobcards/
Traceback (most recent call last):
  File "D:\car-detailing-crm\backend\venv\Lib\site-packages\django\core\handlers\exception.py", line 55, in inner
    response = get_response(request)
  File "D:\car-detailing-crm\backend\venv\Lib\site-packages\django\core\handlers\base.py", line 198, in _get_response
    response = wrapped_callback(request, *callback_args, **callback_kwargs)
  File "D:\car-detailing-crm\backend\venv\Lib\site-packages\django\views\decorators\csrf.py", line 65, in _view_wrapper
    return view_func(request, *args, **kwargs)
  File "D:\car-detailing-crm\backend\venv\Lib\site-packages\django\views\generic\base.py", line 106, in view
    return self.dispatch(request, *args, **kwargs)
           ~~~~~~~~~~~~~^^^^^^^^^^^^^^^^^^^^^^^^^^
  File "D:\car-detailing-crm\backend\venv\Lib\site-packages\rest_framework\views.py", line 515, in dispatch
    response = self.handle_exception(exc)
  File "D:\car-detailing-crm\backend\venv\Lib\site-packages\rest_framework\views.py", line 475, in handle_exception
    self.raise_uncaught_exception(exc)
    ~~~~~~~~~~~~~~~~~~~~~~~~~~~~~^^^^^
  File "D:\car-detailing-crm\backend\venv\Lib\site-packages\rest_framework\views.py", line 486, in raise_uncaught_exception
    raise exc
  File "D:\car-detailing-crm\backend\venv\Lib\site-packages\rest_framework\views.py", line 512, in dispatch
    response = handler(request, *args, **kwargs)
  File "D:\car-detailing-crm\backend\apps\jobcards\views.py", line 139, in get
    return Response(serializer.data)
                    ^^^^^^^^^^^^^^^
  File "D:\car-detailing-crm\backend\venv\Lib\site-packages\rest_framework\serializers.py", line 809, in data
    ret = super().data
          ^^^^^^^^^^^^
  File "D:\car-detailing-crm\backend\venv\Lib\site-packages\rest_framework\serializers.py", line 251, in data
    self._data = self.to_representation(self.instance)
                 ~~~~~~~~~~~~~~~~~~~~~~^^^^^^^^^^^^^^^
  File "D:\car-detailing-crm\backend\venv\Lib\site-packages\rest_framework\serializers.py", line 728, in to_representation
    self.child.to_representation(item) for item in iterable
                                                   ^^^^^^^^
  File "D:\car-detailing-crm\backend\venv\Lib\site-packages\django\db\models\query.py", line 390, in __iter__
    self._fetch_all()
    ~~~~~~~~~~~~~~~^^
  File "D:\car-detailing-crm\backend\venv\Lib\site-packages\django\db\models\query.py", line 2002, in _fetch_all
    self._prefetch_related_objects()
    ~~~~~~~~~~~~~~~~~~~~~~~~~~~~~~^^
  File "D:\car-detailing-crm\backend\venv\Lib\site-packages\django\db\models\query.py", line 1369, in _prefetch_related_objects
    prefetch_related_objects(self._result_cache, *self._prefetch_related_lookups)
    ~~~~~~~~~~~~~~~~~~~~~~~~^^^^^^^^^^^^^^^^^^^^^^^^^^^^^^^^^^^^^^^^^^^^^^^^^^^^^
  File "D:\car-detailing-crm\backend\venv\Lib\site-packages\django\db\models\query.py", line 2426, in prefetch_related_objects
    raise AttributeError(
    ...<7 lines>...
    )
AttributeError: Cannot find 'job_card_products' on JobCardService object, 'job_card_services__job_card_products__usages' is an invalid parameter to prefetch_related()
2026-07-01 19:12:08,012 | ERROR    | django.server | "GET /api/jobcards/ HTTP/1.1" 500 25208
2026-07-01 19:12:08,196 | ERROR    | django.request | Internal Server Error: /api/jobcards/
Traceback (most recent call last):
  File "D:\car-detailing-crm\backend\venv\Lib\site-packages\django\core\handlers\exception.py", line 55, in inner
    response = get_response(request)
  File "D:\car-detailing-crm\backend\venv\Lib\site-packages\django\core\handlers\base.py", line 198, in _get_response
    response = wrapped_callback(request, *callback_args, **callback_kwargs)
  File "D:\car-detailing-crm\backend\venv\Lib\site-packages\django\views\decorators\csrf.py", line 65, in _view_wrapper
    return view_func(request, *args, **kwargs)
  File "D:\car-detailing-crm\backend\venv\Lib\site-packages\django\views\generic\base.py", line 106, in view
    return self.dispatch(request, *args, **kwargs)
           ~~~~~~~~~~~~~^^^^^^^^^^^^^^^^^^^^^^^^^^
  File "D:\car-detailing-crm\backend\venv\Lib\site-packages\rest_framework\views.py", line 515, in dispatch
    response = self.handle_exception(exc)
  File "D:\car-detailing-crm\backend\venv\Lib\site-packages\rest_framework\views.py", line 475, in handle_exception
    self.raise_uncaught_exception(exc)
    ~~~~~~~~~~~~~~~~~~~~~~~~~~~~~^^^^^
  File "D:\car-detailing-crm\backend\venv\Lib\site-packages\rest_framework\views.py", line 486, in raise_uncaught_exception
    raise exc
  File "D:\car-detailing-crm\backend\venv\Lib\site-packages\rest_framework\views.py", line 512, in dispatch
    response = handler(request, *args, **kwargs)
  File "D:\car-detailing-crm\backend\apps\jobcards\views.py", line 139, in get
    return Response(serializer.data)
                    ^^^^^^^^^^^^^^^
  File "D:\car-detailing-crm\backend\venv\Lib\site-packages\rest_framework\serializers.py", line 809, in data
    ret = super().data
          ^^^^^^^^^^^^
  File "D:\car-detailing-crm\backend\venv\Lib\site-packages\rest_framework\serializers.py", line 251, in data
    self._data = self.to_representation(self.instance)
                 ~~~~~~~~~~~~~~~~~~~~~~^^^^^^^^^^^^^^^
  File "D:\car-detailing-crm\backend\venv\Lib\site-packages\rest_framework\serializers.py", line 728, in to_representation
    self.child.to_representation(item) for item in iterable
                                                   ^^^^^^^^
  File "D:\car-detailing-crm\backend\venv\Lib\site-packages\django\db\models\query.py", line 390, in __iter__
    self._fetch_all()
    ~~~~~~~~~~~~~~~^^
  File "D:\car-detailing-crm\backend\venv\Lib\site-packages\django\db\models\query.py", line 2002, in _fetch_all
    self._prefetch_related_objects()
    ~~~~~~~~~~~~~~~~~~~~~~~~~~~~~~^^
  File "D:\car-detailing-crm\backend\venv\Lib\site-packages\django\db\models\query.py", line 1369, in _prefetch_related_objects
    prefetch_related_objects(self._result_cache, *self._prefetch_related_lookups)
    ~~~~~~~~~~~~~~~~~~~~~~~~^^^^^^^^^^^^^^^^^^^^^^^^^^^^^^^^^^^^^^^^^^^^^^^^^^^^^
  File "D:\car-detailing-crm\backend\venv\Lib\site-packages\django\db\models\query.py", line 2426, in prefetch_related_objects
    raise AttributeError(
    ...<7 lines>...
    )
AttributeError: Cannot find 'job_card_products' on JobCardService object, 'job_card_services__job_card_products__usages' is an invalid parameter to prefetch_related()
2026-07-01 19:12:08,208 | ERROR    | django.server | "GET /api/jobcards/ HTTP/1.1" 500 25208
2026-07-01 19:15:25,579 | INFO     | django.utils.autoreload | D:\car-detailing-crm\backend\apps\jobcards\views.py changed, reloading.
2026-07-01 19:15:29,456 | INFO     | apps.notifications.scheduler | Notification scheduler started — service_reminder: daily 10:00 AM | auto_absent: every 1 hr
2026-07-01 19:15:29,481 | INFO     | django.utils.autoreload | Watching for file changes with StatReloader
2026-07-01 19:15:44,793 | INFO     | django.server | "GET /api/customers/vehicle-companies/ HTTP/1.1" 200 106
2026-07-01 19:15:44,823 | INFO     | django.server | "GET /api/customers/vehicle-companies/ HTTP/1.1" 200 106
2026-07-01 19:15:44,843 | INFO     | django.server | "GET /api/employees/ HTTP/1.1" 200 390
2026-07-01 19:15:44,862 | INFO     | django.server | "GET /api/jobcards/customer-tiers/ HTTP/1.1" 200 251
2026-07-01 19:15:44,877 | INFO     | django.server | "GET /api/employees/ HTTP/1.1" 200 390
2026-07-01 19:15:44,887 | INFO     | django.server | "GET /api/jobcards/customer-tiers/ HTTP/1.1" 200 251
2026-07-01 19:15:45,098 | ERROR    | django.request | Internal Server Error: /api/jobcards/
Traceback (most recent call last):
  File "D:\car-detailing-crm\backend\venv\Lib\site-packages\django\core\handlers\exception.py", line 55, in inner
    response = get_response(request)
  File "D:\car-detailing-crm\backend\venv\Lib\site-packages\django\core\handlers\base.py", line 198, in _get_response
    response = wrapped_callback(request, *callback_args, **callback_kwargs)
  File "D:\car-detailing-crm\backend\venv\Lib\site-packages\django\views\decorators\csrf.py", line 65, in _view_wrapper
    return view_func(request, *args, **kwargs)
  File "D:\car-detailing-crm\backend\venv\Lib\site-packages\django\views\generic\base.py", line 106, in view
    return self.dispatch(request, *args, **kwargs)
           ~~~~~~~~~~~~~^^^^^^^^^^^^^^^^^^^^^^^^^^
  File "D:\car-detailing-crm\backend\venv\Lib\site-packages\rest_framework\views.py", line 515, in dispatch
    response = self.handle_exception(exc)
  File "D:\car-detailing-crm\backend\venv\Lib\site-packages\rest_framework\views.py", line 475, in handle_exception
    self.raise_uncaught_exception(exc)
    ~~~~~~~~~~~~~~~~~~~~~~~~~~~~~^^^^^
  File "D:\car-detailing-crm\backend\venv\Lib\site-packages\rest_framework\views.py", line 486, in raise_uncaught_exception
    raise exc
  File "D:\car-detailing-crm\backend\venv\Lib\site-packages\rest_framework\views.py", line 512, in dispatch
    response = handler(request, *args, **kwargs)
  File "D:\car-detailing-crm\backend\apps\jobcards\views.py", line 139, in get
    return Response(serializer.data)
                    ^^^^^^^^^^^^^^^
  File "D:\car-detailing-crm\backend\venv\Lib\site-packages\rest_framework\serializers.py", line 809, in data
    ret = super().data
          ^^^^^^^^^^^^
  File "D:\car-detailing-crm\backend\venv\Lib\site-packages\rest_framework\serializers.py", line 251, in data
    self._data = self.to_representation(self.instance)
                 ~~~~~~~~~~~~~~~~~~~~~~^^^^^^^^^^^^^^^
  File "D:\car-detailing-crm\backend\venv\Lib\site-packages\rest_framework\serializers.py", line 728, in to_representation
    self.child.to_representation(item) for item in iterable
                                                   ^^^^^^^^
  File "D:\car-detailing-crm\backend\venv\Lib\site-packages\django\db\models\query.py", line 390, in __iter__
    self._fetch_all()
    ~~~~~~~~~~~~~~~^^
  File "D:\car-detailing-crm\backend\venv\Lib\site-packages\django\db\models\query.py", line 2002, in _fetch_all
    self._prefetch_related_objects()
    ~~~~~~~~~~~~~~~~~~~~~~~~~~~~~~^^
  File "D:\car-detailing-crm\backend\venv\Lib\site-packages\django\db\models\query.py", line 1369, in _prefetch_related_objects
    prefetch_related_objects(self._result_cache, *self._prefetch_related_lookups)
    ~~~~~~~~~~~~~~~~~~~~~~~~^^^^^^^^^^^^^^^^^^^^^^^^^^^^^^^^^^^^^^^^^^^^^^^^^^^^^
  File "D:\car-detailing-crm\backend\venv\Lib\site-packages\django\db\models\query.py", line 2426, in prefetch_related_objects
    raise AttributeError(
    ...<7 lines>...
    )
AttributeError: Cannot find 'job_card_product_set' on JobCardService object, 'job_card_services__job_card_product_set__jobcardproductusage_set' is an invalid parameter to prefetch_related()
2026-07-01 19:15:45,131 | ERROR    | django.server | "GET /api/jobcards/ HTTP/1.1" 500 25254
2026-07-01 19:15:45,314 | ERROR    | django.request | Internal Server Error: /api/jobcards/
Traceback (most recent call last):
  File "D:\car-detailing-crm\backend\venv\Lib\site-packages\django\core\handlers\exception.py", line 55, in inner
    response = get_response(request)
  File "D:\car-detailing-crm\backend\venv\Lib\site-packages\django\core\handlers\base.py", line 198, in _get_response
    response = wrapped_callback(request, *callback_args, **callback_kwargs)
  File "D:\car-detailing-crm\backend\venv\Lib\site-packages\django\views\decorators\csrf.py", line 65, in _view_wrapper
    return view_func(request, *args, **kwargs)
  File "D:\car-detailing-crm\backend\venv\Lib\site-packages\django\views\generic\base.py", line 106, in view
    return self.dispatch(request, *args, **kwargs)
           ~~~~~~~~~~~~~^^^^^^^^^^^^^^^^^^^^^^^^^^
  File "D:\car-detailing-crm\backend\venv\Lib\site-packages\rest_framework\views.py", line 515, in dispatch
    response = self.handle_exception(exc)
  File "D:\car-detailing-crm\backend\venv\Lib\site-packages\rest_framework\views.py", line 475, in handle_exception
    self.raise_uncaught_exception(exc)
    ~~~~~~~~~~~~~~~~~~~~~~~~~~~~~^^^^^
  File "D:\car-detailing-crm\backend\venv\Lib\site-packages\rest_framework\views.py", line 486, in raise_uncaught_exception
    raise exc
  File "D:\car-detailing-crm\backend\venv\Lib\site-packages\rest_framework\views.py", line 512, in dispatch
    response = handler(request, *args, **kwargs)
  File "D:\car-detailing-crm\backend\apps\jobcards\views.py", line 139, in get
    return Response(serializer.data)
                    ^^^^^^^^^^^^^^^
  File "D:\car-detailing-crm\backend\venv\Lib\site-packages\rest_framework\serializers.py", line 809, in data
    ret = super().data
          ^^^^^^^^^^^^
  File "D:\car-detailing-crm\backend\venv\Lib\site-packages\rest_framework\serializers.py", line 251, in data
    self._data = self.to_representation(self.instance)
                 ~~~~~~~~~~~~~~~~~~~~~~^^^^^^^^^^^^^^^
  File "D:\car-detailing-crm\backend\venv\Lib\site-packages\rest_framework\serializers.py", line 728, in to_representation
    self.child.to_representation(item) for item in iterable
                                                   ^^^^^^^^
  File "D:\car-detailing-crm\backend\venv\Lib\site-packages\django\db\models\query.py", line 390, in __iter__
    self._fetch_all()
    ~~~~~~~~~~~~~~~^^
  File "D:\car-detailing-crm\backend\venv\Lib\site-packages\django\db\models\query.py", line 2002, in _fetch_all
    self._prefetch_related_objects()
    ~~~~~~~~~~~~~~~~~~~~~~~~~~~~~~^^
  File "D:\car-detailing-crm\backend\venv\Lib\site-packages\django\db\models\query.py", line 1369, in _prefetch_related_objects
    prefetch_related_objects(self._result_cache, *self._prefetch_related_lookups)
    ~~~~~~~~~~~~~~~~~~~~~~~~^^^^^^^^^^^^^^^^^^^^^^^^^^^^^^^^^^^^^^^^^^^^^^^^^^^^^
  File "D:\car-detailing-crm\backend\venv\Lib\site-packages\django\db\models\query.py", line 2426, in prefetch_related_objects
    raise AttributeError(
    ...<7 lines>...
    )
AttributeError: Cannot find 'job_card_product_set' on JobCardService object, 'job_card_services__job_card_product_set__jobcardproductusage_set' is an invalid parameter to prefetch_related()
2026-07-01 19:15:45,325 | ERROR    | django.server | "GET /api/jobcards/ HTTP/1.1" 500 25254
2026-07-01 19:22:44,688 | INFO     | apps.notifications.scheduler | Notification scheduler started — service_reminder: daily 10:00 AM | auto_absent: every 1 hr
2026-07-01 19:22:44,714 | INFO     | django.utils.autoreload | Watching for file changes with StatReloader
2026-07-01 19:22:49,423 | INFO     | django.server | "GET /api/customers/vehicle-companies/ HTTP/1.1" 200 106
2026-07-01 19:22:49,467 | INFO     | django.server | "GET /api/employees/ HTTP/1.1" 200 390
2026-07-01 19:22:49,468 | INFO     | django.server | "GET /api/customers/vehicle-companies/ HTTP/1.1" 200 106
2026-07-01 19:22:49,467 | INFO     | django.server | "GET /api/jobcards/customer-tiers/ HTTP/1.1" 200 251
2026-07-01 19:22:49,502 | INFO     | django.server | "GET /api/jobcards/customer-tiers/ HTTP/1.1" 200 251
2026-07-01 19:22:49,668 | INFO     | django.server | "GET /api/employees/ HTTP/1.1" 200 390
2026-07-01 19:22:49,899 | ERROR    | django.request | Internal Server Error: /api/jobcards/
Traceback (most recent call last):
  File "D:\car-detailing-crm\backend\venv\Lib\site-packages\django\core\handlers\exception.py", line 55, in inner
    response = get_response(request)
  File "D:\car-detailing-crm\backend\venv\Lib\site-packages\django\core\handlers\base.py", line 198, in _get_response
    response = wrapped_callback(request, *callback_args, **callback_kwargs)
  File "D:\car-detailing-crm\backend\venv\Lib\site-packages\django\views\decorators\csrf.py", line 65, in _view_wrapper
    return view_func(request, *args, **kwargs)
  File "D:\car-detailing-crm\backend\venv\Lib\site-packages\django\views\generic\base.py", line 106, in view
    return self.dispatch(request, *args, **kwargs)
           ~~~~~~~~~~~~~^^^^^^^^^^^^^^^^^^^^^^^^^^
  File "D:\car-detailing-crm\backend\venv\Lib\site-packages\rest_framework\views.py", line 515, in dispatch
    response = self.handle_exception(exc)
  File "D:\car-detailing-crm\backend\venv\Lib\site-packages\rest_framework\views.py", line 475, in handle_exception
    self.raise_uncaught_exception(exc)
    ~~~~~~~~~~~~~~~~~~~~~~~~~~~~~^^^^^
  File "D:\car-detailing-crm\backend\venv\Lib\site-packages\rest_framework\views.py", line 486, in raise_uncaught_exception
    raise exc
  File "D:\car-detailing-crm\backend\venv\Lib\site-packages\rest_framework\views.py", line 512, in dispatch
    response = handler(request, *args, **kwargs)
  File "D:\car-detailing-crm\backend\apps\jobcards\views.py", line 139, in get
    return Response(serializer.data)
                    ^^^^^^^^^^^^^^^
  File "D:\car-detailing-crm\backend\venv\Lib\site-packages\rest_framework\serializers.py", line 809, in data
    ret = super().data
          ^^^^^^^^^^^^
  File "D:\car-detailing-crm\backend\venv\Lib\site-packages\rest_framework\serializers.py", line 251, in data
    self._data = self.to_representation(self.instance)
                 ~~~~~~~~~~~~~~~~~~~~~~^^^^^^^^^^^^^^^
  File "D:\car-detailing-crm\backend\venv\Lib\site-packages\rest_framework\serializers.py", line 728, in to_representation
    self.child.to_representation(item) for item in iterable
    ~~~~~~~~~~~~~~~~~~~~~~~~~~~~^^^^^^
  File "D:\car-detailing-crm\backend\venv\Lib\site-packages\rest_framework\serializers.py", line 552, in to_representation
    ret[field.field_name] = field.to_representation(attribute)
                            ~~~~~~~~~~~~~~~~~~~~~~~^^^^^^^^^^^
  File "D:\car-detailing-crm\backend\venv\Lib\site-packages\rest_framework\serializers.py", line 728, in to_representation
    self.child.to_representation(item) for item in iterable
    ~~~~~~~~~~~~~~~~~~~~~~~~~~~~^^^^^^
  File "D:\car-detailing-crm\backend\venv\Lib\site-packages\rest_framework\serializers.py", line 552, in to_representation
    ret[field.field_name] = field.to_representation(attribute)
                            ~~~~~~~~~~~~~~~~~~~~~~~^^^^^^^^^^^
  File "D:\car-detailing-crm\backend\venv\Lib\site-packages\rest_framework\fields.py", line 1929, in to_representation
    return method(value)
  File "D:\car-detailing-crm\backend\apps\jobcards\serializers.py", line 41, in get_has_usages
    for jcp in obj.job_card_products.all()
               ^^^^^^^^^^^^^^^^^^^^^
AttributeError: 'JobCardService' object has no attribute 'job_card_products'
2026-07-01 19:22:49,932 | ERROR    | django.server | "GET /api/jobcards/ HTTP/1.1" 500 25279
2026-07-01 19:22:50,141 | ERROR    | django.request | Internal Server Error: /api/jobcards/
Traceback (most recent call last):
  File "D:\car-detailing-crm\backend\venv\Lib\site-packages\django\core\handlers\exception.py", line 55, in inner
    response = get_response(request)
  File "D:\car-detailing-crm\backend\venv\Lib\site-packages\django\core\handlers\base.py", line 198, in _get_response
    response = wrapped_callback(request, *callback_args, **callback_kwargs)
  File "D:\car-detailing-crm\backend\venv\Lib\site-packages\django\views\decorators\csrf.py", line 65, in _view_wrapper
    return view_func(request, *args, **kwargs)
  File "D:\car-detailing-crm\backend\venv\Lib\site-packages\django\views\generic\base.py", line 106, in view
    return self.dispatch(request, *args, **kwargs)
           ~~~~~~~~~~~~~^^^^^^^^^^^^^^^^^^^^^^^^^^
  File "D:\car-detailing-crm\backend\venv\Lib\site-packages\rest_framework\views.py", line 515, in dispatch
    response = self.handle_exception(exc)
  File "D:\car-detailing-crm\backend\venv\Lib\site-packages\rest_framework\views.py", line 475, in handle_exception
    self.raise_uncaught_exception(exc)
    ~~~~~~~~~~~~~~~~~~~~~~~~~~~~~^^^^^
  File "D:\car-detailing-crm\backend\venv\Lib\site-packages\rest_framework\views.py", line 486, in raise_uncaught_exception
    raise exc
  File "D:\car-detailing-crm\backend\venv\Lib\site-packages\rest_framework\views.py", line 512, in dispatch
    response = handler(request, *args, **kwargs)
  File "D:\car-detailing-crm\backend\apps\jobcards\views.py", line 139, in get
    return Response(serializer.data)
                    ^^^^^^^^^^^^^^^
  File "D:\car-detailing-crm\backend\venv\Lib\site-packages\rest_framework\serializers.py", line 809, in data
    ret = super().data
          ^^^^^^^^^^^^
  File "D:\car-detailing-crm\backend\venv\Lib\site-packages\rest_framework\serializers.py", line 251, in data
    self._data = self.to_representation(self.instance)
                 ~~~~~~~~~~~~~~~~~~~~~~^^^^^^^^^^^^^^^
  File "D:\car-detailing-crm\backend\venv\Lib\site-packages\rest_framework\serializers.py", line 728, in to_representation
    self.child.to_representation(item) for item in iterable
    ~~~~~~~~~~~~~~~~~~~~~~~~~~~~^^^^^^
  File "D:\car-detailing-crm\backend\venv\Lib\site-packages\rest_framework\serializers.py", line 552, in to_representation
    ret[field.field_name] = field.to_representation(attribute)
                            ~~~~~~~~~~~~~~~~~~~~~~~^^^^^^^^^^^
  File "D:\car-detailing-crm\backend\venv\Lib\site-packages\rest_framework\serializers.py", line 728, in to_representation
    self.child.to_representation(item) for item in iterable
    ~~~~~~~~~~~~~~~~~~~~~~~~~~~~^^^^^^
  File "D:\car-detailing-crm\backend\venv\Lib\site-packages\rest_framework\serializers.py", line 552, in to_representation
    ret[field.field_name] = field.to_representation(attribute)
                            ~~~~~~~~~~~~~~~~~~~~~~~^^^^^^^^^^^
  File "D:\car-detailing-crm\backend\venv\Lib\site-packages\rest_framework\fields.py", line 1929, in to_representation
    return method(value)
  File "D:\car-detailing-crm\backend\apps\jobcards\serializers.py", line 41, in get_has_usages
    for jcp in obj.job_card_products.all()
               ^^^^^^^^^^^^^^^^^^^^^
AttributeError: 'JobCardService' object has no attribute 'job_card_products'
2026-07-01 19:22:50,152 | ERROR    | django.server | "GET /api/jobcards/ HTTP/1.1" 500 25279
2026-07-01 19:23:46,527 | INFO     | django.utils.autoreload | D:\car-detailing-crm\backend\apps\jobcards\serializers.py changed, reloading.
2026-07-01 19:23:49,418 | INFO     | apps.notifications.scheduler | Notification scheduler started — service_reminder: daily 10:00 AM | auto_absent: every 1 hr
2026-07-01 19:23:49,446 | INFO     | django.utils.autoreload | Watching for file changes with StatReloader
2026-07-01 19:23:55,467 | INFO     | django.server | "GET /api/employees/ HTTP/1.1" 200 390
2026-07-01 19:23:55,467 | INFO     | django.server | "GET /api/customers/vehicle-companies/ HTTP/1.1" 200 106
2026-07-01 19:23:55,468 | INFO     | django.server | "GET /api/jobcards/customer-tiers/ HTTP/1.1" 200 251
2026-07-01 19:23:55,518 | INFO     | django.server | "GET /api/employees/ HTTP/1.1" 200 390
2026-07-01 19:23:55,519 | INFO     | django.server | "GET /api/customers/vehicle-companies/ HTTP/1.1" 200 106
2026-07-01 19:23:55,523 | INFO     | django.server | "GET /api/jobcards/customer-tiers/ HTTP/1.1" 200 251
2026-07-01 19:23:55,741 | INFO     | django.server | "GET /api/jobcards/ HTTP/1.1" 200 15494
2026-07-01 19:23:55,911 | INFO     | django.server | "GET /api/jobcards/ HTTP/1.1" 200 15494
2026-07-01 19:23:59,501 | INFO     | django.server | "GET /api/jobcards/customer-tiers/ HTTP/1.1" 200 251
2026-07-01 19:23:59,502 | INFO     | django.server | "GET /api/employees/ HTTP/1.1" 200 390
2026-07-01 19:23:59,507 | INFO     | django.server | "GET /api/customers/vehicle-companies/ HTTP/1.1" 200 106
2026-07-01 19:23:59,566 | INFO     | django.server | "GET /api/jobcards/customer-tiers/ HTTP/1.1" 200 251
2026-07-01 19:23:59,568 | INFO     | django.server | "GET /api/employees/ HTTP/1.1" 200 390
2026-07-01 19:23:59,567 | INFO     | django.server | "GET /api/customers/vehicle-companies/ HTTP/1.1" 200 106
2026-07-01 19:23:59,760 | INFO     | django.server | "GET /api/jobcards/ HTTP/1.1" 200 15494
2026-07-01 19:23:59,906 | INFO     | django.server | "GET /api/jobcards/ HTTP/1.1" 200 15494
2026-07-01 19:24:22,852 | INFO     | django.server | "GET /api/employees/ HTTP/1.1" 200 390
2026-07-01 19:24:22,855 | INFO     | django.server | "GET /api/jobcards/customer-tiers/ HTTP/1.1" 200 251
2026-07-01 19:24:22,854 | INFO     | django.server | "GET /api/customers/vehicle-companies/ HTTP/1.1" 200 106
2026-07-01 19:24:22,914 | INFO     | django.server | "GET /api/employees/ HTTP/1.1" 200 390
2026-07-01 19:24:22,916 | INFO     | django.server | "GET /api/jobcards/customer-tiers/ HTTP/1.1" 200 251
2026-07-01 19:24:22,922 | INFO     | django.server | "GET /api/customers/vehicle-companies/ HTTP/1.1" 200 106
2026-07-01 19:24:23,106 | INFO     | django.server | "GET /api/jobcards/ HTTP/1.1" 200 15494
2026-07-01 19:24:23,452 | INFO     | django.server | "GET /api/jobcards/ HTTP/1.1" 200 15494
2026-07-01 19:24:45,529 | INFO     | django.server | "GET /api/customers/vehicle-companies/ HTTP/1.1" 200 106
2026-07-01 19:24:45,546 | INFO     | django.server | "GET /api/employees/ HTTP/1.1" 200 390
2026-07-01 19:24:45,574 | INFO     | django.server | "GET /api/jobcards/customer-tiers/ HTTP/1.1" 200 251
2026-07-01 19:24:45,633 | INFO     | django.server | "GET /api/customers/vehicle-companies/ HTTP/1.1" 200 106
2026-07-01 19:24:45,639 | INFO     | django.server | "GET /api/employees/ HTTP/1.1" 200 390
2026-07-01 19:24:45,740 | INFO     | django.server | "GET /api/jobcards/customer-tiers/ HTTP/1.1" 200 251
2026-07-01 19:24:45,748 | INFO     | django.server | "GET /api/jobcards/ HTTP/1.1" 200 15494
2026-07-01 19:24:45,949 | INFO     | django.server | "GET /api/jobcards/ HTTP/1.1" 200 15494
2026-07-01 19:28:01,089 | INFO     | django.server | "OPTIONS /api/settings/ HTTP/1.1" 200 0
2026-07-01 19:28:01,090 | INFO     | django.server | "OPTIONS /api/settings/ HTTP/1.1" 200 0
2026-07-01 19:28:01,128 | INFO     | django.server | "GET /api/settings/ HTTP/1.1" 200 8069
2026-07-01 19:28:01,162 | INFO     | django.server | "GET /api/settings/ HTTP/1.1" 200 8069
2026-07-01 19:28:01,271 | INFO     | django.server | "OPTIONS /api/settings/staff-users/ HTTP/1.1" 200 0
2026-07-01 19:28:01,272 | INFO     | django.server | "OPTIONS /api/settings/staff-users/ HTTP/1.1" 200 0
2026-07-01 19:28:01,307 | INFO     | django.server | "GET /api/settings/staff-users/ HTTP/1.1" 200 2
2026-07-01 19:28:01,325 | INFO     | django.server | "GET /api/settings/staff-users/ HTTP/1.1" 200 2
2026-07-01 19:29:38,301 | INFO     | django.server | "GET /api/jobcards/customer-tiers/ HTTP/1.1" 200 251
2026-07-01 19:29:38,302 | INFO     | django.server | "GET /api/employees/ HTTP/1.1" 200 390
2026-07-01 19:29:38,308 | INFO     | django.server | "GET /api/customers/vehicle-companies/ HTTP/1.1" 200 106
2026-07-01 19:29:38,379 | INFO     | django.server | "GET /api/customers/vehicle-companies/ HTTP/1.1" 200 106
2026-07-01 19:29:38,389 | INFO     | django.server | "GET /api/jobcards/customer-tiers/ HTTP/1.1" 200 251
2026-07-01 19:29:38,390 | INFO     | django.server | "GET /api/employees/ HTTP/1.1" 200 390
2026-07-01 19:29:38,518 | INFO     | django.server | "GET /api/jobcards/ HTTP/1.1" 200 15494
2026-07-01 19:29:38,686 | INFO     | django.server | "GET /api/jobcards/ HTTP/1.1" 200 15494
2026-07-01 19:29:43,355 | INFO     | django.server | "GET /api/employees/ HTTP/1.1" 200 390
2026-07-01 19:29:43,356 | INFO     | django.server | "GET /api/settings/ HTTP/1.1" 200 8069
2026-07-01 19:29:43,357 | INFO     | django.server | "GET /api/jobcards/customer-tiers/ HTTP/1.1" 200 251
2026-07-01 19:29:43,388 | INFO     | django.server | "GET /api/employees/ HTTP/1.1" 200 390
2026-07-01 19:29:43,392 | INFO     | django.server | "GET /api/settings/ HTTP/1.1" 200 8069
2026-07-01 19:29:43,397 | INFO     | django.server | "GET /api/jobcards/customer-tiers/ HTTP/1.1" 200 251
2026-07-01 19:29:56,555 | INFO     | django.server | "OPTIONS /api/customers/check-vehicle/?vehicle_number=TN49AD1989 HTTP/1.1" 200 0
2026-07-01 19:29:56,578 | INFO     | django.server | "GET /api/customers/check-vehicle/?vehicle_number=TN49AD1989 HTTP/1.1" 200 16
2026-07-01 19:30:46,519 | INFO     | django.server | "OPTIONS /api/customers/vehicle-companies/?q=&vehicle_type=four_wheeler HTTP/1.1" 200 0
2026-07-01 19:30:46,536 | INFO     | django.server | "GET /api/customers/vehicle-companies/?q=&vehicle_type=four_wheeler HTTP/1.1" 200 55
2026-07-01 19:30:49,333 | INFO     | django.server | "OPTIONS /api/customers/vehicle-models/?q=&company=Honda HTTP/1.1" 200 0
2026-07-01 19:30:49,363 | INFO     | django.server | "GET /api/customers/vehicle-models/?q=&company=Honda HTTP/1.1" 200 47
2026-07-01 19:30:52,131 | INFO     | django.server | "OPTIONS /api/customers/vehicle-colours/?q= HTTP/1.1" 200 0
2026-07-01 19:30:52,156 | INFO     | django.server | "GET /api/customers/vehicle-colours/?q= HTTP/1.1" 200 49
2026-07-01 19:31:02,355 | INFO     | django.server | "OPTIONS /api/customers/check-customer/?phone_number=9444408297 HTTP/1.1" 200 0
2026-07-01 19:31:02,375 | INFO     | django.server | "GET /api/customers/check-customer/?phone_number=9444408297 HTTP/1.1" 200 16
2026-07-01 19:31:02,413 | INFO     | django.server | "OPTIONS /api/services/four_wheeler/ HTTP/1.1" 200 0
2026-07-01 19:31:02,506 | INFO     | django.server | "GET /api/services/four_wheeler/ HTTP/1.1" 200 1819
2026-07-01 19:31:18,475 | INFO     | django.server | "OPTIONS /api/jobcards/create-full/ HTTP/1.1" 200 0
2026-07-01 19:31:18,487 | INFO     | apps.jobcards.views | Job card create requested | owner_type=customer
2026-07-01 19:31:18,808 | INFO     | apps.jobcards.views | Job card created | id=12 number=JC-2026-012 owner_type=customer total=2631.4000
2026-07-01 19:31:18,934 | INFO     | apps.notifications.signals | Notification 27 dispatching to 919444408297 | trigger=job_checkin
2026-07-01 19:31:18,939 | INFO     | apps.jobcards.views | Job card check-in notification queued | number=JC-2026-012 phone=9444408297
2026-07-01 19:31:19,040 | ERROR    | apps.notifications.whatsapp | META_WHATSAPP_ACCESS_TOKEN or META_WHATSAPP_PHONE_NUMBER_ID not set in settings.
2026-07-01 19:31:19,091 | INFO     | django.server | "POST /api/jobcards/create-full/ HTTP/1.1" 201 1687
2026-07-01 19:31:19,154 | INFO     | django.server | "OPTIONS /api/jobcards/12/ HTTP/1.1" 200 0
2026-07-01 19:31:19,157 | INFO     | django.server | "OPTIONS /api/services/ HTTP/1.1" 200 0
2026-07-01 19:31:19,158 | INFO     | django.server | "OPTIONS /api/jobcards/12/ HTTP/1.1" 200 0
2026-07-01 19:31:19,163 | INFO     | django.server | "GET /api/settings/ HTTP/1.1" 200 8069
2026-07-01 19:31:19,180 | INFO     | django.server | "OPTIONS /api/services/ HTTP/1.1" 200 0
2026-07-01 19:31:19,207 | ERROR    | apps.notifications.signals | Notification 27 failed: Missing WhatsApp credentials in environment.
2026-07-01 19:31:19,322 | INFO     | django.server | "GET /api/services/ HTTP/1.1" 200 2632
2026-07-01 19:31:19,406 | INFO     | django.server | "GET /api/jobcards/12/ HTTP/1.1" 200 1687
2026-07-01 19:31:19,450 | INFO     | django.server | "GET /api/services/ HTTP/1.1" 200 2632
2026-07-01 19:31:19,463 | INFO     | django.server | "GET /api/employees/ HTTP/1.1" 200 390
2026-07-01 19:31:19,494 | INFO     | django.server | "GET /api/employees/ HTTP/1.1" 200 390
2026-07-01 19:31:19,611 | INFO     | django.server | "GET /api/jobcards/12/ HTTP/1.1" 200 1687
2026-07-01 19:31:22,127 | INFO     | django.server | "GET /api/jobcards/customer-tiers/ HTTP/1.1" 200 325
2026-07-01 19:31:22,127 | INFO     | django.server | "GET /api/customers/vehicle-companies/ HTTP/1.1" 200 106
2026-07-01 19:31:22,128 | INFO     | django.server | "GET /api/employees/ HTTP/1.1" 200 390
2026-07-01 19:31:22,188 | INFO     | django.server | "GET /api/jobcards/customer-tiers/ HTTP/1.1" 200 325
2026-07-01 19:31:22,190 | INFO     | django.server | "GET /api/customers/vehicle-companies/ HTTP/1.1" 200 106
2026-07-01 19:31:22,205 | INFO     | django.server | "GET /api/employees/ HTTP/1.1" 200 390
2026-07-01 19:31:22,580 | INFO     | django.server | "GET /api/jobcards/ HTTP/1.1" 200 17182
2026-07-01 19:31:22,780 | INFO     | django.server | "GET /api/jobcards/ HTTP/1.1" 200 17182
2026-07-01 19:31:47,485 | INFO     | django.server | "GET /api/jobcards/customer-tiers/ HTTP/1.1" 200 325
2026-07-01 19:31:47,563 | INFO     | django.server | "GET /api/employees/ HTTP/1.1" 200 390
2026-07-01 19:31:47,582 | INFO     | django.server | "GET /api/jobcards/customer-tiers/ HTTP/1.1" 200 325
2026-07-01 19:31:47,583 | INFO     | django.server | "GET /api/customers/vehicle-companies/ HTTP/1.1" 200 106
2026-07-01 19:31:47,620 | INFO     | django.server | "GET /api/customers/vehicle-companies/ HTTP/1.1" 200 106
2026-07-01 19:31:47,730 | INFO     | django.server | "GET /api/employees/ HTTP/1.1" 200 390
2026-07-01 19:31:47,876 | INFO     | django.server | "GET /api/jobcards/ HTTP/1.1" 200 17182
2026-07-01 19:31:48,318 | INFO     | django.server | "GET /api/jobcards/ HTTP/1.1" 200 17182
2026-07-01 19:34:09,955 | INFO     | django.server | "GET /api/employees/ HTTP/1.1" 200 390
2026-07-01 19:34:09,979 | INFO     | django.server | "GET /api/employees/ HTTP/1.1" 200 390
2026-07-01 19:34:10,082 | INFO     | django.server | "GET /api/settings/ HTTP/1.1" 200 8069
2026-07-01 19:34:10,082 | INFO     | django.server | "GET /api/jobcards/customer-tiers/ HTTP/1.1" 200 325
2026-07-01 19:34:10,106 | INFO     | django.server | "GET /api/jobcards/customer-tiers/ HTTP/1.1" 200 325
2026-07-01 19:34:10,119 | INFO     | django.server | "GET /api/settings/ HTTP/1.1" 200 8069
2026-07-01 19:35:03,531 | INFO     | django.server | "OPTIONS /api/customers/garages/ HTTP/1.1" 200 0
2026-07-01 19:35:03,562 | INFO     | django.server | "GET /api/customers/garages/ HTTP/1.1" 200 163
2026-07-01 19:35:06,024 | INFO     | django.server | "OPTIONS /api/customers/check-vehicle/?vehicle_number=TN99AJ4545 HTTP/1.1" 200 0
2026-07-01 19:35:06,061 | INFO     | django.server | "GET /api/customers/check-vehicle/?vehicle_number=TN99AJ4545 HTTP/1.1" 200 16
2026-07-01 19:35:11,260 | INFO     | django.server | "GET /api/customers/vehicle-companies/?q=&vehicle_type=four_wheeler HTTP/1.1" 200 55
2026-07-01 19:35:28,043 | INFO     | django.server | "OPTIONS /api/customers/vehicle-companies/?q=MA&vehicle_type=four_wheeler HTTP/1.1" 200 0
2026-07-01 19:35:28,062 | INFO     | django.server | "GET /api/customers/vehicle-companies/?q=MA&vehicle_type=four_wheeler HTTP/1.1" 200 2
2026-07-01 19:35:28,962 | INFO     | django.server | "OPTIONS /api/customers/vehicle-companies/?q=MAruth&vehicle_type=four_wheeler HTTP/1.1" 200 0
2026-07-01 19:35:28,977 | INFO     | django.server | "GET /api/customers/vehicle-companies/?q=MAruth&vehicle_type=four_wheeler HTTP/1.1" 200 2
2026-07-01 19:35:29,430 | INFO     | django.server | "OPTIONS /api/customers/vehicle-companies/?q=MAruthi+&vehicle_type=four_wheeler HTTP/1.1" 200 0
2026-07-01 19:35:29,446 | INFO     | django.server | "GET /api/customers/vehicle-companies/?q=MAruthi+&vehicle_type=four_wheeler HTTP/1.1" 200 2
2026-07-01 19:35:29,913 | INFO     | django.server | "OPTIONS /api/customers/vehicle-companies/?q=MAruthi+S&vehicle_type=four_wheeler HTTP/1.1" 200 0
2026-07-01 19:35:29,926 | INFO     | django.server | "GET /api/customers/vehicle-companies/?q=MAruthi+S&vehicle_type=four_wheeler HTTP/1.1" 200 2
2026-07-01 19:35:30,223 | INFO     | django.server | "OPTIONS /api/customers/vehicle-companies/?q=MAruthi+Su&vehicle_type=four_wheeler HTTP/1.1" 200 0
2026-07-01 19:35:30,238 | INFO     | django.server | "GET /api/customers/vehicle-companies/?q=MAruthi+Su&vehicle_type=four_wheeler HTTP/1.1" 200 2
2026-07-01 19:35:30,829 | INFO     | django.server | "OPTIONS /api/customers/vehicle-companies/?q=MAruthi+Suzu&vehicle_type=four_wheeler HTTP/1.1" 200 0
2026-07-01 19:35:30,844 | INFO     | django.server | "GET /api/customers/vehicle-companies/?q=MAruthi+Suzu&vehicle_type=four_wheeler HTTP/1.1" 200 2
2026-07-01 19:35:31,563 | INFO     | django.server | "OPTIONS /api/customers/vehicle-companies/?q=MAruthi+Suzuki+&vehicle_type=four_wheeler HTTP/1.1" 200 0
2026-07-01 19:35:31,580 | INFO     | django.server | "GET /api/customers/vehicle-companies/?q=MAruthi+Suzuki+&vehicle_type=four_wheeler HTTP/1.1" 200 2
2026-07-01 19:35:32,755 | INFO     | django.server | "POST /api/customers/vehicle-companies/ HTTP/1.1" 201 62
2026-07-01 19:35:35,456 | INFO     | django.server | "OPTIONS /api/customers/vehicle-companies/?q=Msruthi+Suzuki&vehicle_type=four_wheeler HTTP/1.1" 200 0
2026-07-01 19:35:35,472 | INFO     | django.server | "GET /api/customers/vehicle-companies/?q=Msruthi+Suzuki&vehicle_type=four_wheeler HTTP/1.1" 200 2
2026-07-01 19:35:36,186 | INFO     | django.server | "OPTIONS /api/customers/vehicle-companies/?q=Maruthi+Suzuki&vehicle_type=four_wheeler HTTP/1.1" 200 0
2026-07-01 19:35:36,204 | INFO     | django.server | "GET /api/customers/vehicle-companies/?q=Maruthi+Suzuki&vehicle_type=four_wheeler HTTP/1.1" 200 64
2026-07-01 19:35:39,815 | INFO     | django.server | "OPTIONS /api/customers/vehicle-models/?q=&company=Maruthi+Suzuki HTTP/1.1" 200 0
2026-07-01 19:35:39,829 | INFO     | django.server | "GET /api/customers/vehicle-models/?q=&company=Maruthi+Suzuki HTTP/1.1" 200 2
2026-07-01 19:35:42,024 | INFO     | django.server | "OPTIONS /api/customers/vehicle-models/?q=B&company=Maruthi+Suzuki HTTP/1.1" 200 0
2026-07-01 19:35:42,042 | INFO     | django.server | "GET /api/customers/vehicle-models/?q=B&company=Maruthi+Suzuki HTTP/1.1" 200 2
2026-07-01 19:35:42,725 | INFO     | django.server | "OPTIONS /api/customers/vehicle-models/?q=Bale&company=Maruthi+Suzuki HTTP/1.1" 200 0
2026-07-01 19:35:42,739 | INFO     | django.server | "GET /api/customers/vehicle-models/?q=Bale&company=Maruthi+Suzuki HTTP/1.1" 200 2
2026-07-01 19:35:43,159 | INFO     | django.server | "OPTIONS /api/customers/vehicle-models/?q=Baleno&company=Maruthi+Suzuki HTTP/1.1" 200 0
2026-07-01 19:35:43,174 | INFO     | django.server | "GET /api/customers/vehicle-models/?q=Baleno&company=Maruthi+Suzuki HTTP/1.1" 200 2
2026-07-01 19:35:44,569 | INFO     | django.server | "OPTIONS /api/customers/vehicle-models/ HTTP/1.1" 200 0
2026-07-01 19:35:44,587 | INFO     | django.server | "POST /api/customers/vehicle-models/ HTTP/1.1" 201 56
2026-07-01 19:35:45,743 | INFO     | django.server | "GET /api/customers/vehicle-colours/?q= HTTP/1.1" 200 49
2026-07-01 19:35:46,533 | INFO     | django.server | "OPTIONS /api/customers/vehicle-colours/?q=B HTTP/1.1" 200 0
2026-07-01 19:35:46,548 | INFO     | django.server | "GET /api/customers/vehicle-colours/?q=B HTTP/1.1" 200 25
2026-07-01 19:35:46,797 | INFO     | django.server | "OPTIONS /api/customers/vehicle-colours/?q=Bl HTTP/1.1" 200 0
2026-07-01 19:35:46,811 | INFO     | django.server | "GET /api/customers/vehicle-colours/?q=Bl HTTP/1.1" 200 25
2026-07-01 19:35:47,113 | INFO     | django.server | "OPTIONS /api/customers/vehicle-colours/?q=Blu HTTP/1.1" 200 0
2026-07-01 19:35:47,128 | INFO     | django.server | "GET /api/customers/vehicle-colours/?q=Blu HTTP/1.1" 200 2
2026-07-01 19:35:47,516 | INFO     | django.server | "OPTIONS /api/customers/vehicle-colours/?q=Blue HTTP/1.1" 200 0
2026-07-01 19:35:47,528 | INFO     | django.server | "GET /api/customers/vehicle-colours/?q=Blue HTTP/1.1" 200 2
2026-07-01 19:35:48,648 | INFO     | django.server | "OPTIONS /api/customers/vehicle-colours/ HTTP/1.1" 200 0
2026-07-01 19:35:48,667 | INFO     | django.server | "POST /api/customers/vehicle-colours/ HTTP/1.1" 201 22
2026-07-01 19:35:52,972 | INFO     | django.server | "OPTIONS /api/customers/check-customer/?phone_number= HTTP/1.1" 200 0
2026-07-01 19:35:52,987 | INFO     | django.server | "GET /api/customers/check-customer/?phone_number= HTTP/1.1" 200 16
2026-07-01 19:35:53,083 | INFO     | django.server | "GET /api/services/four_wheeler/ HTTP/1.1" 200 1819
2026-07-01 19:36:09,483 | INFO     | django.server | "GET /api/settings/ HTTP/1.1" 200 8069
2026-07-01 19:36:19,095 | INFO     | apps.jobcards.views | Job card create requested | owner_type=customer
2026-07-01 19:36:19,200 | INFO     | apps.jobcards.views | Job card created | id=13 number=JC-2026-013 owner_type=customer total=3044.4000
2026-07-01 19:36:19,211 | INFO     | apps.notifications.signals | Notification 28 dispatching to 919445298897 | trigger=job_checkin
2026-07-01 19:36:19,212 | INFO     | apps.jobcards.views | Job card check-in notification queued | number=JC-2026-013 phone=9445298897
2026-07-01 19:36:19,314 | ERROR    | apps.notifications.whatsapp | META_WHATSAPP_ACCESS_TOKEN or META_WHATSAPP_PHONE_NUMBER_ID not set in settings.
2026-07-01 19:36:19,343 | INFO     | django.server | "POST /api/jobcards/create-full/ HTTP/1.1" 201 1750
2026-07-01 19:36:19,394 | INFO     | django.server | "GET /api/settings/ HTTP/1.1" 200 8069
2026-07-01 19:36:19,406 | INFO     | django.server | "OPTIONS /api/jobcards/13/ HTTP/1.1" 200 0
2026-07-01 19:36:19,432 | INFO     | django.server | "OPTIONS /api/jobcards/13/ HTTP/1.1" 200 0
2026-07-01 19:36:19,470 | INFO     | django.server | "GET /api/employees/ HTTP/1.1" 200 390
2026-07-01 19:36:19,496 | ERROR    | apps.notifications.signals | Notification 28 failed: Missing WhatsApp credentials in environment.
2026-07-01 19:36:19,508 | INFO     | django.server | "GET /api/employees/ HTTP/1.1" 200 390
2026-07-01 19:36:19,696 | INFO     | django.server | "GET /api/services/ HTTP/1.1" 200 2632
2026-07-01 19:36:19,719 | INFO     | django.server | "GET /api/jobcards/13/ HTTP/1.1" 200 1750
2026-07-01 19:36:19,848 | INFO     | django.server | "GET /api/services/ HTTP/1.1" 200 2632
2026-07-01 19:36:19,942 | INFO     | django.server | "GET /api/jobcards/13/ HTTP/1.1" 200 1750
2026-07-01 19:36:23,083 | INFO     | django.server | "OPTIONS /api/vendors/ HTTP/1.1" 200 0
2026-07-01 19:36:23,085 | INFO     | django.server | "OPTIONS /api/vendors/ HTTP/1.1" 200 0
2026-07-01 19:36:23,168 | INFO     | django.server | "GET /api/vendors/ HTTP/1.1" 200 309
2026-07-01 19:36:23,198 | INFO     | django.server | "GET /api/vendors/ HTTP/1.1" 200 309
2026-07-01 19:36:26,087 | INFO     | django.server | "OPTIONS /api/finance/income/?month=2026-07&search= HTTP/1.1" 200 0
2026-07-01 19:36:26,090 | INFO     | django.server | "OPTIONS /api/finance/dashboard/?month=2026-07 HTTP/1.1" 200 0
2026-07-01 19:36:26,099 | INFO     | django.server | "OPTIONS /api/finance/dashboard/?month=2026-07 HTTP/1.1" 200 0
2026-07-01 19:36:26,100 | INFO     | django.server | "OPTIONS /api/finance/expense/?month=2026-07&search=&category= HTTP/1.1" 200 0
2026-07-01 19:36:26,102 | INFO     | django.server | "OPTIONS /api/finance/income/?month=2026-07&search= HTTP/1.1" 200 0
2026-07-01 19:36:26,109 | INFO     | django.server | "OPTIONS /api/finance/expense/?month=2026-07&search=&category= HTTP/1.1" 200 0
2026-07-01 19:36:26,190 | INFO     | django.server | "GET /api/finance/expense/?month=2026-07&search=&category= HTTP/1.1" 200 2
2026-07-01 19:36:26,214 | INFO     | django.server | "GET /api/finance/expense/?month=2026-07&search=&category= HTTP/1.1" 200 2
2026-07-01 19:36:26,232 | INFO     | django.server | "GET /api/finance/dashboard/?month=2026-07 HTTP/1.1" 200 1247
2026-07-01 19:36:26,276 | INFO     | django.server | "GET /api/finance/income/?month=2026-07&search= HTTP/1.1" 200 1240
2026-07-01 19:36:26,297 | INFO     | django.server | "GET /api/finance/dashboard/?month=2026-07 HTTP/1.1" 200 1247
2026-07-01 19:36:26,321 | INFO     | django.server | "GET /api/finance/income/?month=2026-07&search= HTTP/1.1" 200 1240
2026-07-01 19:36:47,242 | INFO     | django.server | "GET /api/jobcards/customer-tiers/ HTTP/1.1" 200 325
2026-07-01 19:36:47,245 | INFO     | django.server | "GET /api/employees/ HTTP/1.1" 200 390
2026-07-01 19:36:47,245 | INFO     | django.server | "GET /api/customers/vehicle-companies/ HTTP/1.1" 200 169
2026-07-01 19:36:47,286 | INFO     | django.server | "GET /api/jobcards/customer-tiers/ HTTP/1.1" 200 325
2026-07-01 19:36:47,304 | INFO     | django.server | "GET /api/customers/vehicle-companies/ HTTP/1.1" 200 169
2026-07-01 19:36:47,304 | INFO     | django.server | "GET /api/employees/ HTTP/1.1" 200 390
2026-07-01 19:36:47,593 | INFO     | django.server | "GET /api/jobcards/ HTTP/1.1" 200 18933
2026-07-01 19:36:47,806 | INFO     | django.server | "GET /api/jobcards/ HTTP/1.1" 200 18933
2026-07-01 19:36:50,692 | INFO     | django.server | "GET /api/customers/vehicle-companies/ HTTP/1.1" 200 169
2026-07-01 19:36:50,711 | INFO     | django.server | "GET /api/employees/ HTTP/1.1" 200 390
2026-07-01 19:36:50,726 | INFO     | django.server | "GET /api/jobcards/customer-tiers/ HTTP/1.1" 200 325
2026-07-01 19:36:50,742 | INFO     | django.server | "GET /api/customers/vehicle-companies/ HTTP/1.1" 200 169
2026-07-01 19:36:50,762 | INFO     | django.server | "GET /api/employees/ HTTP/1.1" 200 390
2026-07-01 19:36:50,771 | INFO     | django.server | "GET /api/jobcards/customer-tiers/ HTTP/1.1" 200 325
2026-07-01 19:36:50,881 | INFO     | django.server | "GET /api/jobcards/ HTTP/1.1" 200 18933
2026-07-01 19:36:51,055 | INFO     | django.server | "GET /api/jobcards/ HTTP/1.1" 200 18933
2026-07-01 19:38:08,661 | INFO     | django.server | "OPTIONS /api/jobcards/?owner_type=customer HTTP/1.1" 200 0
2026-07-01 19:38:08,803 | INFO     | django.server | "GET /api/jobcards/?owner_type=customer HTTP/1.1" 200 8653
2026-07-01 19:38:11,640 | INFO     | django.server | "OPTIONS /api/jobcards/?owner_type=garage HTTP/1.1" 200 0
2026-07-01 19:38:11,641 | INFO     | django.server | "OPTIONS /api/jobcards/garage-groups/ HTTP/1.1" 200 0
2026-07-01 19:38:11,642 | INFO     | django.server | "OPTIONS /api/jobcards/garage-groups/ HTTP/1.1" 200 0
2026-07-01 19:38:11,878 | INFO     | django.server | "GET /api/jobcards/?owner_type=garage HTTP/1.1" 200 10281
2026-07-01 19:38:11,992 | INFO     | django.server | "GET /api/jobcards/garage-groups/ HTTP/1.1" 200 10577
2026-07-01 19:38:12,222 | INFO     | django.server | "GET /api/jobcards/garage-groups/ HTTP/1.1" 200 10577
2026-07-01 19:38:14,461 | INFO     | django.server | "OPTIONS /api/jobcards/garage-groups/?garage_id=1 HTTP/1.1" 200 0
2026-07-01 19:38:14,462 | INFO     | django.server | "OPTIONS /api/jobcards/garage-groups/?garage_id=1 HTTP/1.1" 200 0
2026-07-01 19:38:14,701 | INFO     | django.server | "GET /api/jobcards/garage-groups/?garage_id=1 HTTP/1.1" 200 10577
2026-07-01 19:38:14,952 | INFO     | django.server | "GET /api/jobcards/garage-groups/?garage_id=1 HTTP/1.1" 200 10577
2026-07-01 19:38:33,989 | INFO     | django.server | "GET /api/jobcards/customer-tiers/ HTTP/1.1" 200 325
2026-07-01 19:38:33,991 | INFO     | django.server | "GET /api/customers/vehicle-companies/ HTTP/1.1" 200 169
2026-07-01 19:38:33,990 | INFO     | django.server | "GET /api/employees/ HTTP/1.1" 200 390
2026-07-01 19:38:34,052 | INFO     | django.server | "GET /api/jobcards/customer-tiers/ HTTP/1.1" 200 325
2026-07-01 19:38:34,062 | INFO     | django.server | "GET /api/employees/ HTTP/1.1" 200 390
2026-07-01 19:38:34,053 | INFO     | django.server | "GET /api/customers/vehicle-companies/ HTTP/1.1" 200 169
2026-07-01 19:38:34,263 | INFO     | django.server | "GET /api/jobcards/ HTTP/1.1" 200 18933
2026-07-01 19:38:34,499 | INFO     | django.server | "GET /api/jobcards/ HTTP/1.1" 200 18933
2026-07-01 19:38:39,364 | INFO     | django.server | "GET /api/jobcards/?owner_type=customer HTTP/1.1" 200 8653
2026-07-01 19:38:41,028 | INFO     | django.server | "GET /api/jobcards/?owner_type=garage HTTP/1.1" 200 10281
2026-07-01 19:38:41,156 | INFO     | django.server | "GET /api/jobcards/garage-groups/ HTTP/1.1" 200 10577
2026-07-01 19:38:41,369 | INFO     | django.server | "GET /api/jobcards/garage-groups/ HTTP/1.1" 200 10577
2026-07-01 19:38:43,491 | INFO     | django.server | "GET /api/jobcards/ HTTP/1.1" 200 18933
2026-07-01 19:38:46,708 | INFO     | django.server | "GET /api/employees/ HTTP/1.1" 200 390
2026-07-01 19:38:46,710 | INFO     | django.server | "GET /api/customers/vehicle-companies/ HTTP/1.1" 200 169
2026-07-01 19:38:46,720 | INFO     | django.server | "GET /api/jobcards/customer-tiers/ HTTP/1.1" 200 325
2026-07-01 19:38:46,797 | INFO     | django.server | "GET /api/employees/ HTTP/1.1" 200 390
2026-07-01 19:38:46,804 | INFO     | django.server | "GET /api/customers/vehicle-companies/ HTTP/1.1" 200 169
2026-07-01 19:38:46,821 | INFO     | django.server | "GET /api/jobcards/customer-tiers/ HTTP/1.1" 200 325
2026-07-01 19:38:46,949 | INFO     | django.server | "GET /api/jobcards/ HTTP/1.1" 200 18933
2026-07-01 19:38:47,106 | INFO     | django.server | "GET /api/jobcards/ HTTP/1.1" 200 18933
2026-07-01 19:38:56,220 | INFO     | django.server | "GET /api/employees/ HTTP/1.1" 200 390
2026-07-01 19:38:56,259 | INFO     | django.server | "GET /api/employees/ HTTP/1.1" 200 390
2026-07-01 19:38:56,350 | INFO     | django.server | "GET /api/services/ HTTP/1.1" 200 2632
2026-07-01 19:38:56,442 | INFO     | django.server | "GET /api/jobcards/13/ HTTP/1.1" 200 1750
2026-07-01 19:38:56,484 | INFO     | django.server | "GET /api/services/ HTTP/1.1" 200 2632
2026-07-01 19:38:56,592 | INFO     | django.server | "GET /api/jobcards/13/ HTTP/1.1" 200 1750
2026-07-01 19:39:00,192 | INFO     | django.server | "DELETE /api/jobcards/13/ HTTP/1.1" 204 0
2026-07-01 19:39:00,360 | INFO     | django.server | "GET /api/customers/vehicle-companies/ HTTP/1.1" 200 169
2026-07-01 19:39:00,372 | INFO     | django.server | "GET /api/jobcards/customer-tiers/ HTTP/1.1" 200 325
2026-07-01 19:39:00,373 | INFO     | django.server | "GET /api/employees/ HTTP/1.1" 200 390
2026-07-01 19:39:00,478 | INFO     | django.server | "GET /api/employees/ HTTP/1.1" 200 390
2026-07-01 19:39:00,479 | INFO     | django.server | "GET /api/jobcards/customer-tiers/ HTTP/1.1" 200 325
2026-07-01 19:39:00,478 | INFO     | django.server | "GET /api/customers/vehicle-companies/ HTTP/1.1" 200 169
2026-07-01 19:39:00,611 | INFO     | django.server | "GET /api/jobcards/ HTTP/1.1" 200 17182
2026-07-01 19:39:00,855 | INFO     | django.server | "GET /api/jobcards/ HTTP/1.1" 200 17182
2026-07-01 20:53:14,530 | INFO     | django.server | "GET /api/employees/ HTTP/1.1" 200 390
2026-07-01 20:53:14,531 | INFO     | django.server | "GET /api/jobcards/customer-tiers/ HTTP/1.1" 200 325
2026-07-01 20:53:14,631 | INFO     | django.server | "GET /api/employees/ HTTP/1.1" 200 390
2026-07-01 20:53:14,632 | INFO     | django.server | "GET /api/jobcards/customer-tiers/ HTTP/1.1" 200 325
2026-07-01 20:53:14,648 | INFO     | django.server | "GET /api/customers/vehicle-companies/ HTTP/1.1" 200 169
2026-07-01 20:53:14,781 | INFO     | django.server | "GET /api/customers/vehicle-companies/ HTTP/1.1" 200 169
2026-07-01 20:53:15,808 | INFO     | django.server | "GET /api/jobcards/ HTTP/1.1" 200 17182
2026-07-01 20:53:16,282 | INFO     | django.server | "GET /api/jobcards/ HTTP/1.1" 200 17182
2026-07-01 20:54:39,373 | INFO     | django.server | "GET /api/jobcards/customer-tiers/ HTTP/1.1" 200 325
2026-07-01 20:54:39,382 | INFO     | django.server | "GET /api/customers/vehicle-companies/ HTTP/1.1" 200 169
2026-07-01 20:54:39,386 | INFO     | django.server | "GET /api/employees/ HTTP/1.1" 200 390
2026-07-01 20:54:39,461 | INFO     | django.server | "GET /api/customers/vehicle-companies/ HTTP/1.1" 200 169
2026-07-01 20:54:39,462 | INFO     | django.server | "GET /api/jobcards/customer-tiers/ HTTP/1.1" 200 325
2026-07-01 20:54:39,557 | INFO     | django.server | "GET /api/jobcards/ HTTP/1.1" 200 17182
2026-07-01 20:54:39,610 | INFO     | django.server | "GET /api/employees/ HTTP/1.1" 200 390
2026-07-01 20:54:39,686 | INFO     | django.server | "GET /api/jobcards/ HTTP/1.1" 200 17182
2026-07-01 20:54:43,349 | INFO     | django.server | "GET /api/jobcards/customer-tiers/ HTTP/1.1" 200 325
2026-07-01 20:54:43,361 | INFO     | django.server | "GET /api/employees/ HTTP/1.1" 200 390
2026-07-01 20:54:43,365 | INFO     | django.server | "GET /api/customers/vehicle-companies/ HTTP/1.1" 200 169
2026-07-01 20:54:43,390 | INFO     | django.server | "GET /api/jobcards/customer-tiers/ HTTP/1.1" 200 325
2026-07-01 20:54:43,394 | INFO     | django.server | "GET /api/employees/ HTTP/1.1" 200 390
2026-07-01 20:54:43,400 | INFO     | django.server | "GET /api/customers/vehicle-companies/ HTTP/1.1" 200 169
2026-07-01 20:54:43,511 | INFO     | django.server | "GET /api/jobcards/ HTTP/1.1" 200 17182
2026-07-01 20:54:43,618 | INFO     | django.server | "GET /api/jobcards/ HTTP/1.1" 200 17182
2026-07-01 20:54:50,813 | INFO     | django.server | "GET /api/employees/ HTTP/1.1" 200 390
2026-07-01 20:54:50,829 | INFO     | django.server | "GET /api/settings/ HTTP/1.1" 200 8069
2026-07-01 20:54:50,841 | INFO     | django.server | "GET /api/employees/ HTTP/1.1" 200 390
2026-07-01 20:54:50,841 | INFO     | django.server | "GET /api/jobcards/customer-tiers/ HTTP/1.1" 200 325
2026-07-01 20:54:50,850 | INFO     | django.server | "GET /api/settings/ HTTP/1.1" 200 8069
2026-07-01 20:54:50,851 | INFO     | django.server | "GET /api/jobcards/customer-tiers/ HTTP/1.1" 200 325
2026-07-01 20:54:53,755 | INFO     | django.server | "GET /api/employees/ HTTP/1.1" 200 390
2026-07-01 20:54:53,759 | INFO     | django.server | "GET /api/jobcards/customer-tiers/ HTTP/1.1" 200 325
2026-07-01 20:54:53,757 | INFO     | django.server | "GET /api/customers/vehicle-companies/ HTTP/1.1" 200 169
2026-07-01 20:54:53,785 | INFO     | django.server | "GET /api/employees/ HTTP/1.1" 200 390
2026-07-01 20:54:53,785 | INFO     | django.server | "GET /api/jobcards/customer-tiers/ HTTP/1.1" 200 325
2026-07-01 20:54:53,790 | INFO     | django.server | "GET /api/customers/vehicle-companies/ HTTP/1.1" 200 169
2026-07-01 20:54:53,832 | INFO     | django.server | "GET /api/jobcards/ HTTP/1.1" 200 17182
2026-07-01 20:54:53,917 | INFO     | django.server | "GET /api/jobcards/ HTTP/1.1" 200 17182
2026-07-01 20:54:56,960 | INFO     | django.server | "OPTIONS /api/jobcards/11/ HTTP/1.1" 200 0
2026-07-01 20:54:56,962 | INFO     | django.server | "OPTIONS /api/jobcards/11/ HTTP/1.1" 200 0
2026-07-01 20:54:56,976 | INFO     | django.server | "GET /api/employees/ HTTP/1.1" 200 390
2026-07-01 20:54:56,996 | INFO     | django.server | "GET /api/employees/ HTTP/1.1" 200 390
2026-07-01 20:54:57,048 | INFO     | django.server | "GET /api/services/ HTTP/1.1" 200 2632
2026-07-01 20:54:57,092 | INFO     | django.server | "GET /api/jobcards/11/ HTTP/1.1" 200 1917
2026-07-01 20:54:57,111 | INFO     | django.server | "GET /api/services/ HTTP/1.1" 200 2632
2026-07-01 20:54:57,180 | INFO     | django.server | "GET /api/jobcards/11/ HTTP/1.1" 200 1917
2026-07-01 20:55:00,014 | INFO     | django.server | "GET /api/employees/ HTTP/1.1" 200 390
2026-07-01 20:55:00,028 | INFO     | django.server | "GET /api/customers/vehicle-companies/ HTTP/1.1" 200 169
2026-07-01 20:55:00,034 | INFO     | django.server | "GET /api/jobcards/customer-tiers/ HTTP/1.1" 200 325
2026-07-01 20:55:00,044 | INFO     | django.server | "GET /api/employees/ HTTP/1.1" 200 390
2026-07-01 20:55:00,057 | INFO     | django.server | "GET /api/jobcards/customer-tiers/ HTTP/1.1" 200 325
2026-07-01 20:55:00,057 | INFO     | django.server | "GET /api/customers/vehicle-companies/ HTTP/1.1" 200 169
2026-07-01 20:55:00,128 | INFO     | django.server | "GET /api/jobcards/ HTTP/1.1" 200 17182
2026-07-01 20:55:00,273 | INFO     | django.server | "GET /api/jobcards/ HTTP/1.1" 200 17182
2026-07-01 20:55:09,602 | INFO     | django.server | "GET /api/employees/ HTTP/1.1" 200 390
2026-07-01 20:55:09,615 | INFO     | django.server | "GET /api/employees/ HTTP/1.1" 200 390
2026-07-01 20:55:09,664 | INFO     | django.server | "GET /api/services/ HTTP/1.1" 200 2632
2026-07-01 20:55:09,741 | INFO     | django.server | "GET /api/jobcards/12/ HTTP/1.1" 200 1687
2026-07-01 20:55:09,749 | INFO     | django.server | "GET /api/services/ HTTP/1.1" 200 2632
2026-07-01 20:55:09,821 | INFO     | django.server | "GET /api/jobcards/12/ HTTP/1.1" 200 1687
2026-07-01 20:55:16,621 | INFO     | django.server | "OPTIONS /api/jobcards/12/products-used/ HTTP/1.1" 200 0
2026-07-01 20:55:16,676 | INFO     | django.server | "GET /api/jobcards/12/products-used/ HTTP/1.1" 200 467
2026-07-01 20:55:17,558 | INFO     | django.server | "OPTIONS /api/jobcards/products/16/inventory-options/ HTTP/1.1" 200 0
2026-07-01 20:55:17,575 | INFO     | django.server | "GET /api/jobcards/products/16/inventory-options/ HTTP/1.1" 200 123
2026-07-01 20:55:21,798 | INFO     | django.server | "OPTIONS /api/jobcards/products/16/usages/ HTTP/1.1" 200 0
2026-07-01 20:55:21,853 | INFO     | django.server | "POST /api/jobcards/products/16/usages/ HTTP/1.1" 201 132
2026-07-01 20:55:21,897 | INFO     | django.server | "GET /api/jobcards/12/products-used/ HTTP/1.1" 200 599
2026-07-01 20:55:26,764 | INFO     | django.server | "OPTIONS /api/jobcards/products/17/inventory-options/ HTTP/1.1" 200 0
2026-07-01 20:55:26,773 | INFO     | django.server | "GET /api/jobcards/products/17/inventory-options/ HTTP/1.1" 200 123
2026-07-01 20:55:31,453 | INFO     | django.server | "OPTIONS /api/jobcards/products/17/usages/ HTTP/1.1" 200 0
2026-07-01 20:55:31,472 | INFO     | django.server | "POST /api/jobcards/products/17/usages/ HTTP/1.1" 201 132
2026-07-01 20:55:31,524 | INFO     | django.server | "GET /api/jobcards/12/products-used/ HTTP/1.1" 200 731
2026-07-01 20:55:35,074 | INFO     | apps.notifications.signals | Notification 29 dispatching to 919444408297 | trigger=job_completed
2026-07-01 20:55:35,175 | INFO     | django.server | "PUT /api/jobcards/12/ HTTP/1.1" 200 1721
2026-07-01 20:55:35,189 | ERROR    | apps.notifications.whatsapp | META_WHATSAPP_ACCESS_TOKEN or META_WHATSAPP_PHONE_NUMBER_ID not set in settings.
2026-07-01 20:55:35,264 | ERROR    | apps.notifications.signals | Notification 29 failed: Missing WhatsApp credentials in environment.
2026-07-01 20:55:35,320 | INFO     | django.server | "GET /api/jobcards/12/ HTTP/1.1" 200 1721
2026-07-01 20:55:37,990 | INFO     | django.server | "GET /api/customers/vehicle-companies/ HTTP/1.1" 200 169
2026-07-01 20:55:37,990 | INFO     | django.server | "GET /api/employees/ HTTP/1.1" 200 390
2026-07-01 20:55:37,997 | INFO     | django.server | "GET /api/jobcards/customer-tiers/ HTTP/1.1" 200 325
2026-07-01 20:55:38,180 | INFO     | django.server | "GET /api/customers/vehicle-companies/ HTTP/1.1" 200 169
2026-07-01 20:55:38,188 | INFO     | django.server | "GET /api/employees/ HTTP/1.1" 200 390
2026-07-01 20:55:38,195 | INFO     | django.server | "GET /api/jobcards/customer-tiers/ HTTP/1.1" 200 325
2026-07-01 20:55:38,261 | INFO     | django.server | "GET /api/jobcards/ HTTP/1.1" 200 17216
2026-07-01 20:55:38,346 | INFO     | django.server | "GET /api/jobcards/ HTTP/1.1" 200 17216
2026-07-01 22:20:59,220 | INFO     | apps.notifications.scheduler | Notification scheduler started — service_reminder: daily 10:00 AM | auto_absent: every 1 hr
2026-07-01 22:20:59,245 | INFO     | django.utils.autoreload | Watching for file changes with StatReloader
2026-07-01 22:21:05,502 | INFO     | django.server | "OPTIONS /api/employees/ HTTP/1.1" 200 0
2026-07-01 22:21:05,502 | INFO     | django.server | "OPTIONS /api/customers/vehicle-companies/ HTTP/1.1" 200 0
2026-07-01 22:21:05,503 | INFO     | django.server | "OPTIONS /api/jobcards/customer-tiers/ HTTP/1.1" 200 0
2026-07-01 22:21:05,512 | INFO     | django.server | "OPTIONS /api/jobcards/ HTTP/1.1" 200 0
2026-07-01 22:21:05,521 | INFO     | django.server | "OPTIONS /api/jobcards/customer-tiers/ HTTP/1.1" 200 0
2026-07-01 22:21:05,523 | INFO     | django.server | "OPTIONS /api/employees/ HTTP/1.1" 200 0
2026-07-01 22:21:05,534 | INFO     | django.server | "OPTIONS /api/jobcards/ HTTP/1.1" 200 0
2026-07-01 22:21:05,545 | INFO     | django.server | "OPTIONS /api/customers/vehicle-companies/ HTTP/1.1" 200 0
2026-07-01 22:21:05,838 | INFO     | django.server | "GET /api/customers/vehicle-companies/ HTTP/1.1" 200 169
2026-07-01 22:21:05,878 | INFO     | django.server | "GET /api/jobcards/customer-tiers/ HTTP/1.1" 200 325
2026-07-01 22:21:05,879 | INFO     | django.server | "GET /api/customers/vehicle-companies/ HTTP/1.1" 200 169
2026-07-01 22:21:05,879 | INFO     | django.server | "GET /api/employees/ HTTP/1.1" 200 390
2026-07-01 22:21:05,916 | INFO     | django.server | "GET /api/employees/ HTTP/1.1" 200 390
2026-07-01 22:21:05,917 | INFO     | django.server | "GET /api/jobcards/customer-tiers/ HTTP/1.1" 200 325
2026-07-01 22:21:06,142 | INFO     | django.server | "GET /api/jobcards/ HTTP/1.1" 200 17216
2026-07-01 22:21:06,332 | INFO     | django.server | "GET /api/jobcards/ HTTP/1.1" 200 17216
2026-07-01 22:21:08,528 | INFO     | django.server | "OPTIONS /api/services/ HTTP/1.1" 200 0
2026-07-01 22:21:08,554 | INFO     | django.server | "OPTIONS /api/services/ HTTP/1.1" 200 0
2026-07-01 22:21:08,577 | INFO     | django.server | "GET /api/employees/ HTTP/1.1" 200 390
2026-07-01 22:21:08,607 | INFO     | django.server | "GET /api/employees/ HTTP/1.1" 200 390
2026-07-01 22:21:08,690 | INFO     | django.server | "GET /api/services/ HTTP/1.1" 200 2632
2026-07-01 22:21:08,777 | INFO     | django.server | "GET /api/jobcards/11/ HTTP/1.1" 200 1917
2026-07-01 22:21:08,802 | INFO     | django.server | "GET /api/services/ HTTP/1.1" 200 2632
2026-07-01 22:21:08,908 | INFO     | django.server | "GET /api/jobcards/11/ HTTP/1.1" 200 1917
2026-07-01 22:21:11,293 | INFO     | django.server | "GET /api/employees/ HTTP/1.1" 200 390
2026-07-01 22:21:11,294 | INFO     | django.server | "GET /api/customers/vehicle-companies/ HTTP/1.1" 200 169
2026-07-01 22:21:11,306 | INFO     | django.server | "GET /api/jobcards/customer-tiers/ HTTP/1.1" 200 325
2026-07-01 22:21:11,340 | INFO     | django.server | "GET /api/employees/ HTTP/1.1" 200 390
2026-07-01 22:21:11,349 | INFO     | django.server | "GET /api/customers/vehicle-companies/ HTTP/1.1" 200 169
2026-07-01 22:21:11,349 | INFO     | django.server | "GET /api/jobcards/customer-tiers/ HTTP/1.1" 200 325
2026-07-01 22:21:11,525 | INFO     | django.server | "GET /api/jobcards/ HTTP/1.1" 200 17216
2026-07-01 22:21:11,703 | INFO     | django.server | "GET /api/jobcards/ HTTP/1.1" 200 17216
2026-07-01 22:57:46,989 | INFO     | django.server | "GET /api/customers/vehicle-companies/ HTTP/1.1" 200 169
2026-07-01 22:57:47,005 | INFO     | django.server | "GET /api/employees/ HTTP/1.1" 200 390
2026-07-01 22:57:47,005 | INFO     | django.server | "GET /api/jobcards/customer-tiers/ HTTP/1.1" 200 325
2026-07-01 22:57:47,044 | INFO     | django.server | "GET /api/employees/ HTTP/1.1" 200 390
2026-07-01 22:57:47,052 | INFO     | django.server | "GET /api/jobcards/customer-tiers/ HTTP/1.1" 200 325
2026-07-01 22:57:47,117 | INFO     | django.server | "GET /api/customers/vehicle-companies/ HTTP/1.1" 200 169
2026-07-01 22:57:47,193 | INFO     | django.server | "GET /api/jobcards/ HTTP/1.1" 200 17216
2026-07-01 22:57:47,322 | INFO     | django.server | "GET /api/jobcards/ HTTP/1.1" 200 17216
2026-07-01 22:57:57,785 | INFO     | django.server | "GET /api/customers/vehicle-companies/ HTTP/1.1" 200 169
2026-07-01 22:57:57,790 | INFO     | django.server | "GET /api/employees/ HTTP/1.1" 200 390
2026-07-01 22:57:57,919 | INFO     | django.server | "GET /api/jobcards/ HTTP/1.1" 200 17216
2026-07-01 22:58:01,806 | INFO     | django.server | "GET /api/customers/vehicle-companies/ HTTP/1.1" 200 169
2026-07-01 22:58:01,806 | INFO     | django.server | "GET /api/employees/ HTTP/1.1" 200 390
2026-07-01 22:58:01,825 | INFO     | django.server | "GET /api/jobcards/customer-tiers/ HTTP/1.1" 200 325
2026-07-01 22:58:01,829 | INFO     | django.server | "GET /api/customers/vehicle-companies/ HTTP/1.1" 200 169
2026-07-01 22:58:01,830 | INFO     | django.server | "GET /api/employees/ HTTP/1.1" 200 390
2026-07-01 22:58:01,854 | INFO     | django.server | "GET /api/jobcards/customer-tiers/ HTTP/1.1" 200 325
2026-07-01 22:58:01,939 | INFO     | django.server | "GET /api/jobcards/ HTTP/1.1" 200 17216
2026-07-01 22:58:02,048 | INFO     | django.server | "GET /api/jobcards/ HTTP/1.1" 200 17216
2026-07-01 23:16:11,177 | INFO     | django.server | "GET /api/customers/vehicle-companies/ HTTP/1.1" 200 169
2026-07-01 23:16:11,181 | INFO     | django.server | "GET /api/jobcards/customer-tiers/ HTTP/1.1" 200 325
2026-07-01 23:16:11,181 | INFO     | django.server | "GET /api/employees/ HTTP/1.1" 200 390
2026-07-01 23:16:11,398 | INFO     | django.server | "GET /api/jobcards/ HTTP/1.1" 200 17216
2026-07-01 23:16:13,417 | INFO     | django.server | "GET /api/customers/vehicle-companies/ HTTP/1.1" 200 169
2026-07-01 23:16:13,439 | INFO     | django.server | "GET /api/jobcards/customer-tiers/ HTTP/1.1" 200 325
2026-07-01 23:16:13,449 | INFO     | django.server | "GET /api/employees/ HTTP/1.1" 200 390
2026-07-01 23:16:13,643 | INFO     | django.server | "GET /api/jobcards/ HTTP/1.1" 200 17216
2026-07-01 23:27:23,502 | INFO     | django.server | "OPTIONS /api/customers/ HTTP/1.1" 200 0
2026-07-01 23:27:23,497 | INFO     | django.server | "OPTIONS /api/customers/ HTTP/1.1" 200 0
2026-07-01 23:27:23,513 | INFO     | django.server | "OPTIONS /api/customers/ HTTP/1.1" 200 0
2026-07-01 23:27:24,021 | INFO     | django.server | "GET /api/customers/ HTTP/1.1" 200 3859
2026-07-01 23:27:24,177 | INFO     | django.server | "GET /api/customers/ HTTP/1.1" 200 3859
2026-07-01 23:27:24,213 | INFO     | django.server | "GET /api/customers/ HTTP/1.1" 200 3859
2026-07-01 23:27:24,702 | INFO     | django.server | "OPTIONS /api/jobcards/customer-report/ HTTP/1.1" 200 0
2026-07-01 23:27:24,717 | INFO     | django.server | "OPTIONS /api/jobcards/customer-analytics/ HTTP/1.1" 200 0
2026-07-01 23:27:24,718 | INFO     | django.server | "OPTIONS /api/jobcards/customer-report/ HTTP/1.1" 200 0
2026-07-01 23:27:24,721 | INFO     | django.server | "OPTIONS /api/jobcards/customer-analytics/ HTTP/1.1" 200 0
2026-07-01 23:27:25,013 | INFO     | django.server | "GET /api/jobcards/customer-report/ HTTP/1.1" 200 814
2026-07-01 23:27:25,014 | INFO     | django.server | "GET /api/jobcards/customer-analytics/ HTTP/1.1" 200 1148
2026-07-01 23:27:25,051 | INFO     | django.server | "GET /api/jobcards/customer-report/ HTTP/1.1" 200 814
2026-07-01 23:27:25,054 | INFO     | django.server | "GET /api/jobcards/customer-analytics/ HTTP/1.1" 200 1148
2026-07-01 23:27:31,494 | INFO     | django.server | "GET /api/customers/ HTTP/1.1" 200 3859
2026-07-01 23:27:31,525 | INFO     | django.server | "GET /api/customers/ HTTP/1.1" 200 3859
2026-07-01 23:27:31,777 | INFO     | django.server | "GET /api/customers/ HTTP/1.1" 200 3859
2026-07-01 23:28:04,509 | INFO     | apps.notifications.signals | Notification 30 dispatching to 919852852977 | trigger=customer_welcome
2026-07-01 23:28:04,547 | INFO     | django.server | "POST /api/customers/ HTTP/1.1" 201 145
2026-07-01 23:28:04,596 | INFO     | django.server | "GET /api/customers/ HTTP/1.1" 200 4005
2026-07-01 23:28:04,643 | ERROR    | apps.notifications.whatsapp | META_WHATSAPP_ACCESS_TOKEN or META_WHATSAPP_PHONE_NUMBER_ID not set in settings.
2026-07-01 23:28:04,761 | ERROR    | apps.notifications.signals | Notification 30 failed: Missing WhatsApp credentials in environment.
2026-07-01 23:28:07,467 | INFO     | django.server | "GET /api/customers/vehicle-companies/ HTTP/1.1" 200 169
2026-07-01 23:28:07,468 | INFO     | django.server | "GET /api/jobcards/customer-tiers/ HTTP/1.1" 200 325
2026-07-01 23:28:07,519 | INFO     | django.server | "GET /api/employees/ HTTP/1.1" 200 390
2026-07-01 23:28:07,532 | INFO     | django.server | "GET /api/customers/vehicle-companies/ HTTP/1.1" 200 169
2026-07-01 23:28:07,550 | INFO     | django.server | "GET /api/jobcards/customer-tiers/ HTTP/1.1" 200 325
2026-07-01 23:28:07,698 | INFO     | django.server | "GET /api/employees/ HTTP/1.1" 200 390
2026-07-01 23:28:07,759 | INFO     | django.server | "GET /api/jobcards/ HTTP/1.1" 200 17216
2026-07-01 23:28:08,310 | INFO     | django.server | "GET /api/jobcards/ HTTP/1.1" 200 17216
2026-07-01 23:28:11,268 | INFO     | django.server | "OPTIONS /api/settings/ HTTP/1.1" 200 0
2026-07-01 23:28:11,268 | INFO     | django.server | "OPTIONS /api/settings/ HTTP/1.1" 200 0
2026-07-01 23:28:11,289 | INFO     | django.server | "GET /api/jobcards/customer-tiers/ HTTP/1.1" 200 325
2026-07-01 23:28:11,309 | INFO     | django.server | "GET /api/employees/ HTTP/1.1" 200 390
2026-07-01 23:28:11,313 | INFO     | django.server | "GET /api/settings/ HTTP/1.1" 200 8069
2026-07-01 23:28:11,326 | INFO     | django.server | "GET /api/jobcards/customer-tiers/ HTTP/1.1" 200 325
2026-07-01 23:28:11,342 | INFO     | django.server | "GET /api/employees/ HTTP/1.1" 200 390
2026-07-01 23:28:11,342 | INFO     | django.server | "GET /api/settings/ HTTP/1.1" 200 8069
2026-07-01 23:28:22,477 | INFO     | django.server | "OPTIONS /api/customers/check-vehicle/?vehicle_number=TN09CC1234 HTTP/1.1" 200 0
2026-07-01 23:28:22,502 | INFO     | django.server | "GET /api/customers/check-vehicle/?vehicle_number=TN09CC1234 HTTP/1.1" 200 16
2026-07-01 23:29:04,718 | INFO     | django.server | "OPTIONS /api/customers/check-customer/?phone_number=9858526565 HTTP/1.1" 200 0
2026-07-01 23:29:04,731 | INFO     | django.server | "GET /api/customers/check-customer/?phone_number=9858526565 HTTP/1.1" 200 16
2026-07-01 23:29:04,763 | INFO     | django.server | "OPTIONS /api/services/four_wheeler/ HTTP/1.1" 200 0
2026-07-01 23:29:04,840 | INFO     | django.server | "GET /api/services/four_wheeler/ HTTP/1.1" 200 1819
2026-07-01 23:29:14,244 | INFO     | django.server | "OPTIONS /api/jobcards/create-full/ HTTP/1.1" 200 0
2026-07-01 23:29:14,253 | INFO     | apps.jobcards.views | Job card create requested | owner_type=customer
2026-07-01 23:29:14,369 | INFO     | apps.jobcards.views | Job card created | id=14 number=JC-2026-013 owner_type=customer total=2985.4000
2026-07-01 23:29:14,380 | INFO     | apps.notifications.signals | Notification 31 dispatching to 919858526565 | trigger=job_checkin
2026-07-01 23:29:14,384 | INFO     | apps.jobcards.views | Job card check-in notification queued | number=JC-2026-013 phone=9858526565
2026-07-01 23:29:14,486 | ERROR    | apps.notifications.whatsapp | META_WHATSAPP_ACCESS_TOKEN or META_WHATSAPP_PHONE_NUMBER_ID not set in settings.
2026-07-01 23:29:14,531 | INFO     | django.server | "POST /api/jobcards/create-full/ HTTP/1.1" 201 1491
2026-07-01 23:29:14,609 | INFO     | django.server | "OPTIONS /api/jobcards/14/ HTTP/1.1" 200 0
2026-07-01 23:29:14,610 | INFO     | django.server | "GET /api/settings/ HTTP/1.1" 200 8069
2026-07-01 23:29:14,627 | INFO     | django.server | "GET /api/employees/ HTTP/1.1" 200 390
2026-07-01 23:29:14,615 | INFO     | django.server | "OPTIONS /api/jobcards/14/ HTTP/1.1" 200 0
2026-07-01 23:29:14,659 | ERROR    | apps.notifications.signals | Notification 31 failed: Missing WhatsApp credentials in environment.
2026-07-01 23:29:14,684 | INFO     | django.server | "GET /api/employees/ HTTP/1.1" 200 390
2026-07-01 23:29:14,774 | INFO     | django.server | "GET /api/services/ HTTP/1.1" 200 2632
2026-07-01 23:29:14,871 | INFO     | django.server | "GET /api/jobcards/14/ HTTP/1.1" 200 1491
2026-07-01 23:29:14,890 | INFO     | django.server | "GET /api/services/ HTTP/1.1" 200 2632
2026-07-01 23:29:15,007 | INFO     | django.server | "GET /api/jobcards/14/ HTTP/1.1" 200 1491
2026-07-01 23:29:21,909 | INFO     | django.server | "GET /api/employees/ HTTP/1.1" 200 390
2026-07-01 23:29:22,000 | INFO     | django.server | "GET /api/employees/ HTTP/1.1" 200 390
2026-07-01 23:29:22,001 | INFO     | django.server | "GET /api/customers/vehicle-companies/ HTTP/1.1" 200 169
2026-07-01 23:29:22,014 | INFO     | django.server | "GET /api/jobcards/customer-tiers/ HTTP/1.1" 200 399
2026-07-01 23:29:22,043 | INFO     | django.server | "GET /api/jobcards/customer-tiers/ HTTP/1.1" 200 399
2026-07-01 23:29:22,044 | INFO     | django.server | "GET /api/customers/vehicle-companies/ HTTP/1.1" 200 169
2026-07-01 23:29:22,223 | INFO     | django.server | "GET /api/jobcards/ HTTP/1.1" 200 18708
2026-07-01 23:29:22,404 | INFO     | django.server | "GET /api/jobcards/ HTTP/1.1" 200 18708
2026-07-01 23:29:28,802 | INFO     | django.server | "GET /api/jobcards/customer-tiers/ HTTP/1.1" 200 399
2026-07-01 23:29:28,803 | INFO     | django.server | "GET /api/settings/ HTTP/1.1" 200 8069
2026-07-01 23:29:28,803 | INFO     | django.server | "GET /api/employees/ HTTP/1.1" 200 390
2026-07-01 23:29:28,839 | INFO     | django.server | "GET /api/settings/ HTTP/1.1" 200 8069
2026-07-01 23:29:28,839 | INFO     | django.server | "GET /api/jobcards/customer-tiers/ HTTP/1.1" 200 399
2026-07-01 23:29:28,839 | INFO     | django.server | "GET /api/employees/ HTTP/1.1" 200 390
2026-07-01 23:29:43,879 | INFO     | django.server | "GET /api/customers/check-vehicle/?vehicle_number=TN09CC1234 HTTP/1.1" 200 305
2026-07-01 23:29:43,997 | INFO     | django.server | "GET /api/services/four_wheeler/ HTTP/1.1" 200 1819
2026-07-01 23:29:57,547 | INFO     | apps.jobcards.views | Job card create requested | owner_type=customer
2026-07-01 23:29:57,693 | INFO     | apps.jobcards.views | Job card created | id=15 number=JC-2026-014 owner_type=customer total=3221.4000
2026-07-01 23:29:57,716 | INFO     | apps.notifications.signals | Notification 32 dispatching to 919858526565 | trigger=job_checkin
2026-07-01 23:29:57,717 | INFO     | apps.jobcards.views | Job card check-in notification queued | number=JC-2026-014 phone=9858526565
2026-07-01 23:29:57,830 | ERROR    | apps.notifications.whatsapp | META_WHATSAPP_ACCESS_TOKEN or META_WHATSAPP_PHONE_NUMBER_ID not set in settings.
2026-07-01 23:29:57,898 | INFO     | django.server | "POST /api/jobcards/create-full/ HTTP/1.1" 201 1669
2026-07-01 23:29:57,948 | INFO     | django.server | "OPTIONS /api/jobcards/15/ HTTP/1.1" 200 0
2026-07-01 23:29:57,949 | INFO     | django.server | "GET /api/settings/ HTTP/1.1" 200 8069
2026-07-01 23:29:57,967 | INFO     | django.server | "OPTIONS /api/jobcards/15/ HTTP/1.1" 200 0
2026-07-01 23:29:57,984 | ERROR    | apps.notifications.signals | Notification 32 failed: Missing WhatsApp credentials in environment.
2026-07-01 23:29:58,285 | INFO     | django.server | "GET /api/services/ HTTP/1.1" 200 2632
2026-07-01 23:29:58,286 | INFO     | django.server | "GET /api/employees/ HTTP/1.1" 200 390
2026-07-01 23:29:58,391 | INFO     | django.server | "GET /api/employees/ HTTP/1.1" 200 390
2026-07-01 23:29:58,477 | INFO     | django.server | "GET /api/services/ HTTP/1.1" 200 2632
2026-07-01 23:29:58,623 | INFO     | django.server | "GET /api/jobcards/15/ HTTP/1.1" 200 1669
2026-07-01 23:29:58,793 | INFO     | django.server | "GET /api/jobcards/15/ HTTP/1.1" 200 1669
2026-07-01 23:30:02,384 | INFO     | django.server | "GET /api/employees/ HTTP/1.1" 200 390
2026-07-01 23:30:02,411 | INFO     | django.server | "GET /api/employees/ HTTP/1.1" 200 390
2026-07-01 23:30:02,423 | INFO     | django.server | "GET /api/customers/vehicle-companies/ HTTP/1.1" 200 169
2026-07-01 23:30:02,443 | INFO     | django.server | "GET /api/jobcards/customer-tiers/ HTTP/1.1" 200 399
2026-07-01 23:30:02,459 | INFO     | django.server | "GET /api/customers/vehicle-companies/ HTTP/1.1" 200 169
2026-07-01 23:30:02,461 | INFO     | django.server | "GET /api/jobcards/customer-tiers/ HTTP/1.1" 200 399
2026-07-01 23:30:02,719 | INFO     | django.server | "GET /api/jobcards/ HTTP/1.1" 200 20378
2026-07-01 23:30:03,009 | INFO     | django.server | "GET /api/jobcards/ HTTP/1.1" 200 20378
2026-07-01 23:30:07,433 | INFO     | django.server | "GET /api/customers/vehicle-companies/ HTTP/1.1" 200 169
2026-07-01 23:30:07,483 | INFO     | django.server | "GET /api/jobcards/customer-tiers/ HTTP/1.1" 200 399
2026-07-01 23:30:07,517 | INFO     | django.server | "GET /api/customers/vehicle-companies/ HTTP/1.1" 200 169
2026-07-01 23:30:07,560 | INFO     | django.server | "GET /api/employees/ HTTP/1.1" 200 390
2026-07-01 23:30:07,567 | INFO     | django.server | "GET /api/jobcards/customer-tiers/ HTTP/1.1" 200 399
2026-07-01 23:30:07,603 | INFO     | django.server | "GET /api/employees/ HTTP/1.1" 200 390
2026-07-01 23:30:07,869 | INFO     | django.server | "GET /api/jobcards/ HTTP/1.1" 200 20378
2026-07-01 23:30:08,175 | INFO     | django.server | "GET /api/jobcards/ HTTP/1.1" 200 20378
2026-07-01 23:30:11,911 | INFO     | django.server | "GET /api/customers/ HTTP/1.1" 200 4421
2026-07-01 23:30:11,961 | INFO     | django.server | "GET /api/customers/ HTTP/1.1" 200 4421
2026-07-01 23:30:12,143 | INFO     | django.server | "GET /api/customers/ HTTP/1.1" 200 4421
2026-07-01 23:30:13,066 | INFO     | django.server | "GET /api/jobcards/customer-analytics/ HTTP/1.1" 200 1273
2026-07-01 23:30:13,068 | INFO     | django.server | "GET /api/jobcards/customer-report/ HTTP/1.1" 200 1176
2026-07-01 23:30:13,209 | INFO     | django.server | "GET /api/jobcards/customer-analytics/ HTTP/1.1" 200 1273
2026-07-01 23:30:13,212 | INFO     | django.server | "GET /api/jobcards/customer-report/ HTTP/1.1" 200 1176
2026-07-02 10:49:08,821 | INFO     | django.server | "OPTIONS /api/customers/ HTTP/1.1" 200 0
2026-07-02 10:49:08,834 | INFO     | django.server | "OPTIONS /api/customers/ HTTP/1.1" 200 0
2026-07-02 10:49:08,876 | INFO     | django.server | "OPTIONS /api/customers/ HTTP/1.1" 200 0
2026-07-02 10:49:09,313 | WARNING  | django.request | Unauthorized: /api/customers/
2026-07-02 10:49:09,327 | WARNING  | django.server | "GET /api/customers/ HTTP/1.1" 401 172
2026-07-02 10:49:09,344 | INFO     | django.server | "OPTIONS /api/token/refresh/ HTTP/1.1" 200 0
2026-07-02 10:49:09,384 | WARNING  | django.request | Unauthorized: /api/customers/
2026-07-02 10:49:09,403 | WARNING  | django.server | "GET /api/customers/ HTTP/1.1" 401 172
2026-07-02 10:49:09,482 | WARNING  | django.request | Unauthorized: /api/customers/
2026-07-02 10:49:09,724 | WARNING  | django.server | "GET /api/customers/ HTTP/1.1" 401 172
2026-07-02 10:49:10,761 | INFO     | django.server | "POST /api/token/refresh/ HTTP/1.1" 200 244
2026-07-02 10:49:10,901 | INFO     | django.server | "GET /api/customers/ HTTP/1.1" 200 4421
2026-07-02 10:49:11,186 | INFO     | django.server | "GET /api/customers/ HTTP/1.1" 200 4421
2026-07-02 10:49:11,301 | INFO     | django.server | "GET /api/customers/ HTTP/1.1" 200 4421
2026-07-02 10:49:14,289 | INFO     | django.server | "GET /api/customers/ HTTP/1.1" 200 4421
2026-07-02 10:49:14,405 | INFO     | django.server | "GET /api/customers/ HTTP/1.1" 200 4421
2026-07-02 10:49:14,595 | INFO     | django.server | "GET /api/customers/ HTTP/1.1" 200 4421
2026-07-02 10:49:17,726 | INFO     | django.server | "OPTIONS /api/jobcards/customer-tiers/ HTTP/1.1" 200 0
2026-07-02 10:49:17,729 | INFO     | django.server | "OPTIONS /api/customers/vehicle-companies/ HTTP/1.1" 200 0
2026-07-02 10:49:17,731 | INFO     | django.server | "OPTIONS /api/employees/ HTTP/1.1" 200 0
2026-07-02 10:49:17,754 | INFO     | django.server | "OPTIONS /api/employees/ HTTP/1.1" 200 0
2026-07-02 10:49:17,755 | INFO     | django.server | "OPTIONS /api/jobcards/customer-tiers/ HTTP/1.1" 200 0
2026-07-02 10:49:17,804 | INFO     | django.server | "OPTIONS /api/jobcards/ HTTP/1.1" 200 0
2026-07-02 10:49:17,913 | INFO     | django.server | "OPTIONS /api/customers/vehicle-companies/ HTTP/1.1" 200 0
2026-07-02 10:49:17,953 | INFO     | django.server | "OPTIONS /api/jobcards/ HTTP/1.1" 200 0
2026-07-02 10:49:18,113 | INFO     | django.server | "GET /api/jobcards/customer-tiers/ HTTP/1.1" 200 399
2026-07-02 10:49:18,157 | INFO     | django.server | "GET /api/customers/vehicle-companies/ HTTP/1.1" 200 169
2026-07-02 10:49:18,159 | INFO     | django.server | "GET /api/employees/ HTTP/1.1" 200 390
2026-07-02 10:49:18,160 | INFO     | django.server | "GET /api/jobcards/customer-tiers/ HTTP/1.1" 200 399
2026-07-02 10:49:18,186 | INFO     | django.server | "GET /api/customers/vehicle-companies/ HTTP/1.1" 200 169
2026-07-02 10:49:18,186 | INFO     | django.server | "GET /api/employees/ HTTP/1.1" 200 390
2026-07-02 10:49:18,824 | INFO     | django.server | "GET /api/jobcards/ HTTP/1.1" 200 20378
2026-07-02 10:49:19,094 | INFO     | django.server | "GET /api/jobcards/ HTTP/1.1" 200 20378
2026-07-02 11:13:21,674 | INFO     | django.utils.autoreload | D:\car-detailing-crm\backend\apps\customers\views.py changed, reloading.
2026-07-02 11:13:26,063 | INFO     | apps.notifications.scheduler | Notification scheduler started — service_reminder: daily 10:00 AM | auto_absent: every 1 hr
2026-07-02 11:13:26,085 | INFO     | django.utils.autoreload | Watching for file changes with StatReloader
2026-07-02 11:32:47,211 | INFO     | django.utils.autoreload | D:\car-detailing-crm\backend\apps\customers\models.py changed, reloading.
2026-07-02 11:32:49,260 | INFO     | apps.notifications.scheduler | Notification scheduler started — service_reminder: daily 10:00 AM | auto_absent: every 1 hr
2026-07-02 11:32:49,275 | INFO     | django.utils.autoreload | Watching for file changes with StatReloader
2026-07-02 11:32:51,189 | INFO     | django.utils.autoreload | D:\car-detailing-crm\backend\apps\customers\views.py changed, reloading.
2026-07-02 11:32:52,406 | INFO     | apps.notifications.scheduler | Notification scheduler started — service_reminder: daily 10:00 AM | auto_absent: every 1 hr
2026-07-02 11:32:52,419 | INFO     | django.utils.autoreload | Watching for file changes with StatReloader
2026-07-02 11:35:13,196 | INFO     | apps.notifications.scheduler | Notification scheduler started — service_reminder: daily 10:00 AM | auto_absent: every 1 hr
2026-07-02 11:35:13,225 | INFO     | django.utils.autoreload | Watching for file changes with StatReloader
2026-07-02 11:35:28,199 | INFO     | django.server | "GET /api/customers/ HTTP/1.1" 200 4421
2026-07-02 11:35:28,218 | INFO     | django.server | "GET /api/customers/ HTTP/1.1" 200 4421
2026-07-02 11:35:28,322 | INFO     | django.server | "GET /api/customers/ HTTP/1.1" 200 4421
2026-07-02 11:35:46,372 | INFO     | apps.notifications.signals | Notification 33 dispatching to 919685313897 | trigger=customer_welcome
2026-07-02 11:35:46,376 | INFO     | django.server | "POST /api/customers/ HTTP/1.1" 201 125
2026-07-02 11:35:46,406 | INFO     | django.server | "GET /api/customers/ HTTP/1.1" 200 4547
2026-07-02 11:35:46,474 | ERROR    | apps.notifications.whatsapp | META_WHATSAPP_ACCESS_TOKEN or META_WHATSAPP_PHONE_NUMBER_ID not set in settings.
2026-07-02 11:35:46,556 | ERROR    | apps.notifications.signals | Notification 33 failed: Missing WhatsApp credentials in environment.
2026-07-02 11:35:55,350 | INFO     | django.server | "OPTIONS /api/customers/7/ HTTP/1.1" 200 0
2026-07-02 11:35:55,352 | INFO     | django.server | "OPTIONS /api/customers/7/ HTTP/1.1" 200 0
2026-07-02 11:35:55,442 | INFO     | django.server | "GET /api/customers/7/ HTTP/1.1" 200 125
2026-07-02 11:35:55,454 | INFO     | django.server | "GET /api/customers/7/ HTTP/1.1" 200 125
2026-07-02 11:35:55,580 | INFO     | django.server | "GET /api/jobcards/ HTTP/1.1" 200 20378
2026-07-02 11:35:55,672 | INFO     | django.server | "GET /api/jobcards/ HTTP/1.1" 200 20378
2026-07-02 11:36:19,571 | INFO     | django.server | "OPTIONS /api/customers/7/assets/ HTTP/1.1" 200 0
2026-07-02 11:36:19,593 | INFO     | django.server | "POST /api/customers/7/assets/ HTTP/1.1" 201 278
2026-07-02 11:36:19,614 | INFO     | django.server | "GET /api/customers/7/ HTTP/1.1" 200 403
2026-07-02 11:36:19,705 | INFO     | django.server | "GET /api/jobcards/ HTTP/1.1" 200 20378
2026-07-02 11:36:22,354 | INFO     | django.server | "GET /api/customers/ HTTP/1.1" 200 4825
2026-07-02 11:36:22,370 | INFO     | django.server | "GET /api/customers/ HTTP/1.1" 200 4825
2026-07-02 11:36:22,659 | INFO     | django.server | "GET /api/customers/ HTTP/1.1" 200 4825
2026-07-02 11:41:58,235 | INFO     | django.server | "GET /api/customers/7/ HTTP/1.1" 200 403
2026-07-02 11:41:58,247 | INFO     | django.server | "GET /api/customers/7/ HTTP/1.1" 200 403
2026-07-02 11:41:58,416 | INFO     | django.server | "GET /api/jobcards/ HTTP/1.1" 200 20378
2026-07-02 11:41:58,533 | INFO     | django.server | "GET /api/jobcards/ HTTP/1.1" 200 20378
2026-07-02 11:42:01,302 | INFO     | django.server | "GET /api/customers/ HTTP/1.1" 200 4825
2026-07-02 11:42:01,322 | INFO     | django.server | "GET /api/customers/ HTTP/1.1" 200 4825
2026-07-02 11:42:01,619 | INFO     | django.server | "GET /api/customers/ HTTP/1.1" 200 4825
2026-07-02 11:42:04,358 | INFO     | django.server | "GET /api/customers/vehicle-companies/ HTTP/1.1" 200 169
2026-07-02 11:42:04,364 | INFO     | django.server | "GET /api/employees/ HTTP/1.1" 200 390
2026-07-02 11:42:04,392 | INFO     | django.server | "GET /api/customers/vehicle-companies/ HTTP/1.1" 200 169
2026-07-02 11:42:04,400 | INFO     | django.server | "GET /api/employees/ HTTP/1.1" 200 390
2026-07-02 11:42:04,491 | INFO     | django.server | "GET /api/jobcards/customer-tiers/ HTTP/1.1" 200 399
2026-07-02 11:42:04,500 | INFO     | django.server | "GET /api/jobcards/customer-tiers/ HTTP/1.1" 200 399
2026-07-02 11:42:04,614 | INFO     | django.server | "GET /api/jobcards/ HTTP/1.1" 200 20378
2026-07-02 11:42:04,738 | INFO     | django.server | "GET /api/jobcards/ HTTP/1.1" 200 20378
2026-07-02 11:42:05,887 | INFO     | django.server | "OPTIONS /api/settings/ HTTP/1.1" 200 0
2026-07-02 11:42:05,889 | INFO     | django.server | "OPTIONS /api/settings/ HTTP/1.1" 200 0
2026-07-02 11:42:05,897 | INFO     | django.server | "GET /api/employees/ HTTP/1.1" 200 390
2026-07-02 11:42:05,904 | INFO     | django.server | "GET /api/jobcards/customer-tiers/ HTTP/1.1" 200 399
2026-07-02 11:42:05,915 | INFO     | django.server | "GET /api/employees/ HTTP/1.1" 200 390
2026-07-02 11:42:05,916 | INFO     | django.server | "GET /api/settings/ HTTP/1.1" 200 8069
2026-07-02 11:42:05,916 | INFO     | django.server | "GET /api/jobcards/customer-tiers/ HTTP/1.1" 200 399
2026-07-02 11:42:05,927 | INFO     | django.server | "GET /api/settings/ HTTP/1.1" 200 8069
2026-07-02 11:42:14,218 | INFO     | django.server | "OPTIONS /api/customers/check-vehicle/?vehicle_number=DL01AA1234 HTTP/1.1" 200 0
2026-07-02 11:42:14,229 | INFO     | django.server | "GET /api/customers/check-vehicle/?vehicle_number=DL01AA1234 HTTP/1.1" 200 311
2026-07-02 11:42:14,258 | INFO     | django.server | "OPTIONS /api/services/two_wheeler/ HTTP/1.1" 200 0
2026-07-02 11:42:14,311 | INFO     | django.server | "GET /api/services/two_wheeler/ HTTP/1.1" 200 1653
2026-07-02 11:42:25,286 | INFO     | django.server | "OPTIONS /api/jobcards/create-full/ HTTP/1.1" 200 0
2026-07-02 11:42:25,292 | INFO     | apps.jobcards.views | Job card create requested | owner_type=customer
2026-07-02 11:42:25,370 | INFO     | apps.jobcards.views | Job card created | id=16 number=JC-2026-015 owner_type=customer total=2041.4000
2026-07-02 11:42:25,379 | INFO     | apps.notifications.signals | Notification 34 dispatching to 919685313897 | trigger=job_checkin
2026-07-02 11:42:25,380 | INFO     | apps.jobcards.views | Job card check-in notification queued | number=JC-2026-015 phone=9685313897
2026-07-02 11:42:25,468 | INFO     | django.server | "POST /api/jobcards/create-full/ HTTP/1.1" 201 1661
2026-07-02 11:42:25,489 | ERROR    | apps.notifications.whatsapp | META_WHATSAPP_ACCESS_TOKEN or META_WHATSAPP_PHONE_NUMBER_ID not set in settings.
2026-07-02 11:42:25,513 | INFO     | django.server | "OPTIONS /api/jobcards/16/ HTTP/1.1" 200 0
2026-07-02 11:42:25,515 | INFO     | django.server | "OPTIONS /api/services/ HTTP/1.1" 200 0
2026-07-02 11:42:25,516 | INFO     | django.server | "GET /api/settings/ HTTP/1.1" 200 8069
2026-07-02 11:42:25,517 | INFO     | django.server | "OPTIONS /api/jobcards/16/ HTTP/1.1" 200 0
2026-07-02 11:42:25,542 | INFO     | django.server | "OPTIONS /api/services/ HTTP/1.1" 200 0
2026-07-02 11:42:25,655 | ERROR    | apps.notifications.signals | Notification 34 failed: Missing WhatsApp credentials in environment.
2026-07-02 11:42:25,669 | INFO     | django.server | "GET /api/services/ HTTP/1.1" 200 2632
2026-07-02 11:42:25,750 | INFO     | django.server | "GET /api/employees/ HTTP/1.1" 200 390
2026-07-02 11:42:25,753 | INFO     | django.server | "GET /api/jobcards/16/ HTTP/1.1" 200 1661
2026-07-02 11:42:25,788 | INFO     | django.server | "GET /api/services/ HTTP/1.1" 200 2632
2026-07-02 11:42:25,897 | INFO     | django.server | "GET /api/jobcards/16/ HTTP/1.1" 200 1661
2026-07-02 11:42:25,909 | INFO     | django.server | "GET /api/employees/ HTTP/1.1" 200 390
2026-07-02 11:42:30,578 | INFO     | django.server | "GET /api/customers/vehicle-companies/ HTTP/1.1" 200 169
2026-07-02 11:42:30,578 | INFO     | django.server | "GET /api/employees/ HTTP/1.1" 200 390
2026-07-02 11:42:30,580 | INFO     | django.server | "GET /api/jobcards/customer-tiers/ HTTP/1.1" 200 401
2026-07-02 11:42:30,607 | INFO     | django.server | "GET /api/customers/vehicle-companies/ HTTP/1.1" 200 169
2026-07-02 11:42:30,607 | INFO     | django.server | "GET /api/employees/ HTTP/1.1" 200 390
2026-07-02 11:42:30,609 | INFO     | django.server | "GET /api/jobcards/customer-tiers/ HTTP/1.1" 200 401
2026-07-02 11:42:30,732 | INFO     | django.server | "GET /api/jobcards/ HTTP/1.1" 200 22040
2026-07-02 11:42:30,892 | INFO     | django.server | "GET /api/jobcards/ HTTP/1.1" 200 22040
2026-07-02 11:43:00,928 | INFO     | django.server | "OPTIONS /api/finance/income/?month=2026-07&search= HTTP/1.1" 200 0
2026-07-02 11:43:00,929 | INFO     | django.server | "OPTIONS /api/finance/dashboard/?month=2026-07 HTTP/1.1" 200 0
2026-07-02 11:43:00,929 | INFO     | django.server | "OPTIONS /api/finance/expense/?month=2026-07&search=&category= HTTP/1.1" 200 0
2026-07-02 11:43:00,929 | INFO     | django.server | "OPTIONS /api/finance/income/?month=2026-07&search= HTTP/1.1" 200 0
2026-07-02 11:43:00,929 | INFO     | django.server | "OPTIONS /api/finance/dashboard/?month=2026-07 HTTP/1.1" 200 0
2026-07-02 11:43:00,930 | INFO     | django.server | "OPTIONS /api/finance/expense/?month=2026-07&search=&category= HTTP/1.1" 200 0
2026-07-02 11:43:00,975 | INFO     | django.server | "GET /api/finance/expense/?month=2026-07&search=&category= HTTP/1.1" 200 2
2026-07-02 11:43:00,987 | INFO     | django.server | "GET /api/finance/expense/?month=2026-07&search=&category= HTTP/1.1" 200 2
2026-07-02 11:43:00,989 | INFO     | django.server | "GET /api/finance/income/?month=2026-07&search= HTTP/1.1" 200 825
2026-07-02 11:43:01,005 | INFO     | django.server | "GET /api/finance/dashboard/?month=2026-07 HTTP/1.1" 200 1248
2026-07-02 11:43:01,029 | INFO     | django.server | "GET /api/finance/income/?month=2026-07&search= HTTP/1.1" 200 825
2026-07-02 11:43:01,038 | INFO     | django.server | "GET /api/finance/dashboard/?month=2026-07 HTTP/1.1" 200 1248
2026-07-02 11:43:06,307 | INFO     | django.server | "GET /api/customers/vehicle-companies/ HTTP/1.1" 200 169
2026-07-02 11:43:06,319 | INFO     | django.server | "GET /api/jobcards/customer-tiers/ HTTP/1.1" 200 401
2026-07-02 11:43:06,337 | INFO     | django.server | "GET /api/employees/ HTTP/1.1" 200 390
2026-07-02 11:43:06,423 | INFO     | django.server | "GET /api/jobcards/customer-tiers/ HTTP/1.1" 200 401
2026-07-02 11:43:06,423 | INFO     | django.server | "GET /api/customers/vehicle-companies/ HTTP/1.1" 200 169
2026-07-02 11:43:06,427 | INFO     | django.server | "GET /api/employees/ HTTP/1.1" 200 390
2026-07-02 11:43:06,518 | INFO     | django.server | "GET /api/jobcards/ HTTP/1.1" 200 22040
2026-07-02 11:43:06,653 | INFO     | django.server | "GET /api/jobcards/ HTTP/1.1" 200 22040
2026-07-02 11:43:11,068 | INFO     | django.server | "OPTIONS /api/jobcards/16/payments/ HTTP/1.1" 200 0
2026-07-02 11:43:11,076 | INFO     | django.server | "GET /api/jobcards/16/payments/ HTTP/1.1" 200 2
2026-07-02 11:43:14,712 | INFO     | apps.notifications.signals | Notification 35 dispatching to 919685313897 | trigger=payment_received
2026-07-02 11:43:14,714 | INFO     | django.server | "POST /api/jobcards/16/payments/ HTTP/1.1" 201 205
2026-07-02 11:43:14,814 | ERROR    | apps.notifications.whatsapp | META_WHATSAPP_ACCESS_TOKEN or META_WHATSAPP_PHONE_NUMBER_ID not set in settings.
2026-07-02 11:43:14,902 | ERROR    | apps.notifications.signals | Notification 35 failed: Missing WhatsApp credentials in environment.
2026-07-02 11:43:14,911 | INFO     | django.server | "GET /api/jobcards/ HTTP/1.1" 200 22246
2026-07-02 11:43:19,767 | INFO     | django.server | "GET /api/employees/ HTTP/1.1" 200 390
2026-07-02 11:43:19,774 | INFO     | django.server | "GET /api/employees/ HTTP/1.1" 200 390
2026-07-02 11:43:22,120 | INFO     | django.server | "GET /api/finance/expense/?month=2026-07&search=&category= HTTP/1.1" 200 2
2026-07-02 11:43:22,125 | INFO     | django.server | "GET /api/finance/income/?month=2026-07&search= HTTP/1.1" 200 1241
2026-07-02 11:43:22,128 | INFO     | django.server | "GET /api/finance/expense/?month=2026-07&search=&category= HTTP/1.1" 200 2
2026-07-02 11:43:22,132 | INFO     | django.server | "GET /api/finance/dashboard/?month=2026-07 HTTP/1.1" 200 1248
2026-07-02 11:43:22,147 | INFO     | django.server | "GET /api/finance/income/?month=2026-07&search= HTTP/1.1" 200 1241
2026-07-02 11:43:22,160 | INFO     | django.server | "GET /api/finance/dashboard/?month=2026-07 HTTP/1.1" 200 1248
2026-07-02 11:43:31,011 | INFO     | django.server | "GET /api/employees/ HTTP/1.1" 200 390
2026-07-02 11:43:31,012 | INFO     | django.server | "GET /api/jobcards/customer-tiers/ HTTP/1.1" 200 401
2026-07-02 11:43:31,012 | INFO     | django.server | "GET /api/customers/vehicle-companies/ HTTP/1.1" 200 169
2026-07-02 11:43:31,040 | INFO     | django.server | "GET /api/employees/ HTTP/1.1" 200 390
2026-07-02 11:43:31,050 | INFO     | django.server | "GET /api/jobcards/customer-tiers/ HTTP/1.1" 200 401
2026-07-02 11:43:31,055 | INFO     | django.server | "GET /api/customers/vehicle-companies/ HTTP/1.1" 200 169
2026-07-02 11:43:31,158 | INFO     | django.server | "GET /api/jobcards/ HTTP/1.1" 200 22246
2026-07-02 11:43:31,316 | INFO     | django.server | "GET /api/jobcards/ HTTP/1.1" 200 22246
2026-07-02 11:43:34,154 | INFO     | django.server | "GET /api/employees/ HTTP/1.1" 200 390
2026-07-02 11:43:34,154 | INFO     | django.server | "GET /api/settings/ HTTP/1.1" 200 8069
2026-07-02 11:43:34,154 | INFO     | django.server | "GET /api/jobcards/customer-tiers/ HTTP/1.1" 200 401
2026-07-02 11:43:34,173 | INFO     | django.server | "GET /api/employees/ HTTP/1.1" 200 390
2026-07-02 11:43:34,173 | INFO     | django.server | "GET /api/jobcards/customer-tiers/ HTTP/1.1" 200 401
2026-07-02 11:43:34,175 | INFO     | django.server | "GET /api/settings/ HTTP/1.1" 200 8069
2026-07-02 11:43:44,154 | INFO     | django.server | "OPTIONS /api/customers/check-vehicle/?vehicle_number=TN99ZA4321 HTTP/1.1" 200 0
2026-07-02 11:43:44,174 | INFO     | django.server | "GET /api/customers/check-vehicle/?vehicle_number=TN99ZA4321 HTTP/1.1" 200 16
2026-07-02 11:44:00,288 | INFO     | django.server | "OPTIONS /api/customers/vehicle-companies/?q=&vehicle_type=four_wheeler HTTP/1.1" 200 0
2026-07-02 11:44:00,299 | INFO     | django.server | "GET /api/customers/vehicle-companies/?q=&vehicle_type=four_wheeler HTTP/1.1" 200 118
2026-07-02 11:44:03,052 | INFO     | django.server | "OPTIONS /api/customers/vehicle-models/?q=&company=Honda HTTP/1.1" 200 0
2026-07-02 11:44:03,064 | INFO     | django.server | "GET /api/customers/vehicle-models/?q=&company=Honda HTTP/1.1" 200 47
2026-07-02 11:44:07,865 | INFO     | django.server | "OPTIONS /api/customers/vehicle-models/?q=C&company=Honda HTTP/1.1" 200 0
2026-07-02 11:44:07,873 | INFO     | django.server | "GET /api/customers/vehicle-models/?q=C&company=Honda HTTP/1.1" 200 47
2026-07-02 11:44:08,654 | INFO     | django.server | "OPTIONS /api/customers/vehicle-models/?q=Ci&company=Honda HTTP/1.1" 200 0
2026-07-02 11:44:08,663 | INFO     | django.server | "GET /api/customers/vehicle-models/?q=Ci&company=Honda HTTP/1.1" 200 47
2026-07-02 11:44:09,308 | INFO     | django.server | "OPTIONS /api/customers/vehicle-models/?q=Civi&company=Honda HTTP/1.1" 200 0
2026-07-02 11:44:09,315 | INFO     | django.server | "GET /api/customers/vehicle-models/?q=Civi&company=Honda HTTP/1.1" 200 2
2026-07-02 11:44:10,938 | INFO     | django.server | "OPTIONS /api/customers/vehicle-models/?q=Civic&company=Honda HTTP/1.1" 200 0
2026-07-02 11:44:10,944 | INFO     | django.server | "GET /api/customers/vehicle-models/?q=Civic&company=Honda HTTP/1.1" 200 2
2026-07-02 11:44:11,623 | INFO     | django.server | "OPTIONS /api/customers/vehicle-models/ HTTP/1.1" 200 0
2026-07-02 11:44:11,636 | INFO     | django.server | "POST /api/customers/vehicle-models/ HTTP/1.1" 201 46
2026-07-02 11:44:12,701 | INFO     | django.server | "OPTIONS /api/customers/vehicle-colours/?q= HTTP/1.1" 200 0
2026-07-02 11:44:12,717 | INFO     | django.server | "GET /api/customers/vehicle-colours/?q= HTTP/1.1" 200 72
2026-07-02 12:21:25,071 | INFO     | django.server | "GET /api/jobcards/customer-tiers/ HTTP/1.1" 200 401
2026-07-02 12:21:25,076 | INFO     | django.server | "GET /api/employees/ HTTP/1.1" 200 390
2026-07-02 12:21:25,078 | INFO     | django.server | "GET /api/settings/ HTTP/1.1" 200 8069
2026-07-02 12:21:25,107 | INFO     | django.server | "GET /api/employees/ HTTP/1.1" 200 390
2026-07-02 12:21:25,107 | INFO     | django.server | "GET /api/jobcards/customer-tiers/ HTTP/1.1" 200 401
2026-07-02 12:21:25,130 | INFO     | django.server | "GET /api/settings/ HTTP/1.1" 200 8069
2026-07-02 12:24:16,706 | INFO     | django.utils.autoreload | D:\car-detailing-crm\backend\apps\jobcards\views.py changed, reloading.
2026-07-02 12:24:20,578 | INFO     | apps.notifications.scheduler | Notification scheduler started — service_reminder: daily 10:00 AM | auto_absent: every 1 hr
2026-07-02 12:24:20,592 | INFO     | django.utils.autoreload | Watching for file changes with StatReloader
2026-07-02 12:26:05,048 | INFO     | django.server | "OPTIONS /api/customers/check-vehicle/?vehicle_number=22BH4848 HTTP/1.1" 200 0
2026-07-02 12:26:05,311 | INFO     | django.server | "GET /api/customers/check-vehicle/?vehicle_number=22BH4848 HTTP/1.1" 200 16
2026-07-02 12:26:16,035 | INFO     | django.server | "OPTIONS /api/customers/vehicle-companies/?q=&vehicle_type=two_wheeler HTTP/1.1" 200 0
2026-07-02 12:26:16,058 | INFO     | django.server | "GET /api/customers/vehicle-companies/?q=&vehicle_type=two_wheeler HTTP/1.1" 200 52
2026-07-02 12:26:17,774 | INFO     | django.server | "OPTIONS /api/customers/vehicle-models/?q=&company=TVS HTTP/1.1" 200 0
2026-07-02 12:26:17,787 | INFO     | django.server | "GET /api/customers/vehicle-models/?q=&company=TVS HTTP/1.1" 200 2
2026-07-02 12:26:19,329 | INFO     | django.server | "OPTIONS /api/customers/vehicle-models/?q=A&company=TVS HTTP/1.1" 200 0
2026-07-02 12:26:19,342 | INFO     | django.server | "GET /api/customers/vehicle-models/?q=A&company=TVS HTTP/1.1" 200 2
2026-07-02 12:26:20,118 | INFO     | django.server | "OPTIONS /api/customers/vehicle-models/?q=Apa&company=TVS HTTP/1.1" 200 0
2026-07-02 12:26:20,126 | INFO     | django.server | "GET /api/customers/vehicle-models/?q=Apa&company=TVS HTTP/1.1" 200 2
2026-07-02 12:26:21,207 | INFO     | django.server | "OPTIONS /api/customers/vehicle-models/?q=Apache&company=TVS HTTP/1.1" 200 0
2026-07-02 12:26:21,214 | INFO     | django.server | "GET /api/customers/vehicle-models/?q=Apache&company=TVS HTTP/1.1" 200 2
2026-07-02 12:26:21,862 | INFO     | django.server | "OPTIONS /api/customers/vehicle-models/?q=Apache+&company=TVS HTTP/1.1" 200 0
2026-07-02 12:26:21,870 | INFO     | django.server | "GET /api/customers/vehicle-models/?q=Apache+&company=TVS HTTP/1.1" 200 2
2026-07-02 12:26:22,762 | INFO     | django.server | "OPTIONS /api/customers/vehicle-models/?q=Apache+R&company=TVS HTTP/1.1" 200 0
2026-07-02 12:26:22,770 | INFO     | django.server | "GET /api/customers/vehicle-models/?q=Apache+R&company=TVS HTTP/1.1" 200 2
2026-07-02 12:26:23,928 | INFO     | django.server | "OPTIONS /api/customers/vehicle-models/?q=Apache+RTR&company=TVS HTTP/1.1" 200 0
2026-07-02 12:26:23,938 | INFO     | django.server | "GET /api/customers/vehicle-models/?q=Apache+RTR&company=TVS HTTP/1.1" 200 2
2026-07-02 12:26:24,224 | INFO     | django.server | "OPTIONS /api/customers/vehicle-models/?q=Apache+RTR+&company=TVS HTTP/1.1" 200 0
2026-07-02 12:26:24,233 | INFO     | django.server | "GET /api/customers/vehicle-models/?q=Apache+RTR+&company=TVS HTTP/1.1" 200 2
2026-07-02 12:26:25,342 | INFO     | django.server | "OPTIONS /api/customers/vehicle-models/?q=Apache+RTR+16&company=TVS HTTP/1.1" 200 0
2026-07-02 12:26:25,350 | INFO     | django.server | "GET /api/customers/vehicle-models/?q=Apache+RTR+16&company=TVS HTTP/1.1" 200 2
2026-07-02 12:26:26,146 | INFO     | django.server | "OPTIONS /api/customers/vehicle-models/?q=Apache+RTR+160&company=TVS HTTP/1.1" 200 0
2026-07-02 12:26:26,157 | INFO     | django.server | "GET /api/customers/vehicle-models/?q=Apache+RTR+160&company=TVS HTTP/1.1" 200 2
2026-07-02 12:26:26,502 | INFO     | django.server | "OPTIONS /api/customers/vehicle-models/?q=Apache+RTR+160+&company=TVS HTTP/1.1" 200 0
2026-07-02 12:26:26,511 | INFO     | django.server | "GET /api/customers/vehicle-models/?q=Apache+RTR+160+&company=TVS HTTP/1.1" 200 2
2026-07-02 12:26:26,983 | INFO     | django.server | "OPTIONS /api/customers/vehicle-models/?q=Apache+RTR+160+4&company=TVS HTTP/1.1" 200 0
2026-07-02 12:26:26,992 | INFO     | django.server | "GET /api/customers/vehicle-models/?q=Apache+RTR+160+4&company=TVS HTTP/1.1" 200 2
2026-07-02 12:26:27,577 | INFO     | django.server | "OPTIONS /api/customers/vehicle-models/?q=Apache+RTR+160+4V&company=TVS HTTP/1.1" 200 0
2026-07-02 12:26:27,585 | INFO     | django.server | "GET /api/customers/vehicle-models/?q=Apache+RTR+160+4V&company=TVS HTTP/1.1" 200 2
2026-07-02 12:26:28,720 | INFO     | django.server | "POST /api/customers/vehicle-models/ HTTP/1.1" 201 56
2026-07-02 12:26:30,017 | INFO     | django.server | "GET /api/customers/vehicle-colours/?q= HTTP/1.1" 200 72
2026-07-02 12:26:31,328 | INFO     | django.server | "OPTIONS /api/customers/vehicle-colours/?q=RE HTTP/1.1" 200 0
2026-07-02 12:26:31,335 | INFO     | django.server | "GET /api/customers/vehicle-colours/?q=RE HTTP/1.1" 200 2
2026-07-02 12:26:32,525 | INFO     | django.server | "OPTIONS /api/customers/vehicle-colours/?q=Red HTTP/1.1" 200 0
2026-07-02 12:26:32,533 | INFO     | django.server | "GET /api/customers/vehicle-colours/?q=Red HTTP/1.1" 200 2
2026-07-02 12:26:33,181 | INFO     | django.server | "OPTIONS /api/customers/vehicle-colours/ HTTP/1.1" 200 0
2026-07-02 12:26:33,193 | INFO     | django.server | "POST /api/customers/vehicle-colours/ HTTP/1.1" 201 21
2026-07-02 12:26:35,320 | INFO     | django.server | "OPTIONS /api/customers/check-customer/?phone_number=9222908297 HTTP/1.1" 200 0
2026-07-02 12:26:35,329 | INFO     | django.server | "GET /api/customers/check-customer/?phone_number=9222908297 HTTP/1.1" 200 16
2026-07-02 12:26:35,450 | INFO     | django.server | "GET /api/services/two_wheeler/ HTTP/1.1" 200 1653
2026-07-02 12:26:43,038 | INFO     | apps.jobcards.views | Job card create requested | owner_type=customer
2026-07-02 12:26:43,043 | WARNING  | apps.jobcards.views | Job card create validation failed | owner_type=customer errors={'customer': {'customer_name': [ErrorDetail(string='Required for new customer', code='invalid')]}}
2026-07-02 12:26:43,047 | WARNING  | django.request | Bad Request: /api/jobcards/create-full/
2026-07-02 12:26:43,048 | WARNING  | django.server | "POST /api/jobcards/create-full/ HTTP/1.1" 400 60
2026-07-02 12:30:52,802 | INFO     | django.utils.autoreload | D:\car-detailing-crm\backend\apps\jobcards\serializers.py changed, reloading.
2026-07-02 12:30:55,309 | INFO     | apps.notifications.scheduler | Notification scheduler started — service_reminder: daily 10:00 AM | auto_absent: every 1 hr
2026-07-02 12:30:55,332 | INFO     | django.utils.autoreload | Watching for file changes with StatReloader
2026-07-02 12:31:56,222 | INFO     | apps.notifications.scheduler | Notification scheduler started — service_reminder: daily 10:00 AM | auto_absent: every 1 hr
2026-07-02 12:31:56,231 | INFO     | django.utils.autoreload | Watching for file changes with StatReloader
2026-07-02 12:32:16,772 | INFO     | apps.jobcards.views | Job card create requested | owner_type=customer
2026-07-02 12:32:16,775 | WARNING  | apps.jobcards.views | Job card create validation failed | owner_type=customer errors={'customer': {'customer_name': [ErrorDetail(string='This field may not be blank.', code='blank')]}}
2026-07-02 12:32:16,787 | WARNING  | django.request | Bad Request: /api/jobcards/create-full/
2026-07-02 12:32:16,789 | WARNING  | django.server | "POST /api/jobcards/create-full/ HTTP/1.1" 400 63
2026-07-02 12:32:51,507 | INFO     | django.utils.autoreload | D:\car-detailing-crm\backend\apps\jobcards\serializers.py changed, reloading.
2026-07-02 12:32:52,981 | INFO     | apps.notifications.scheduler | Notification scheduler started — service_reminder: daily 10:00 AM | auto_absent: every 1 hr
2026-07-02 12:32:52,991 | INFO     | django.utils.autoreload | Watching for file changes with StatReloader
2026-07-02 12:33:01,938 | INFO     | apps.jobcards.views | Job card create requested | owner_type=customer
2026-07-02 12:33:01,940 | WARNING  | apps.jobcards.views | Job card create validation failed | owner_type=customer errors={'customer': {'customer_name': [ErrorDetail(string='This field may not be blank.', code='blank')]}}
2026-07-02 12:33:01,944 | WARNING  | django.request | Bad Request: /api/jobcards/create-full/
2026-07-02 12:33:01,945 | WARNING  | django.server | "POST /api/jobcards/create-full/ HTTP/1.1" 400 63
2026-07-02 12:33:42,010 | INFO     | django.utils.autoreload | D:\car-detailing-crm\backend\apps\jobcards\serializers.py changed, reloading.
2026-07-02 12:33:43,615 | INFO     | apps.notifications.scheduler | Notification scheduler started — service_reminder: daily 10:00 AM | auto_absent: every 1 hr
2026-07-02 12:33:43,626 | INFO     | django.utils.autoreload | Watching for file changes with StatReloader
2026-07-02 12:33:56,379 | INFO     | django.server | "GET /api/customers/vehicle-companies/ HTTP/1.1" 200 169
2026-07-02 12:33:56,414 | INFO     | django.server | "GET /api/customers/vehicle-companies/ HTTP/1.1" 200 169
2026-07-02 12:33:56,447 | INFO     | django.server | "GET /api/employees/ HTTP/1.1" 200 390
2026-07-02 12:33:56,469 | INFO     | django.server | "GET /api/employees/ HTTP/1.1" 200 390
2026-07-02 12:33:56,480 | INFO     | django.server | "GET /api/jobcards/customer-tiers/ HTTP/1.1" 200 401
2026-07-02 12:33:56,500 | INFO     | django.server | "GET /api/jobcards/customer-tiers/ HTTP/1.1" 200 401
2026-07-02 12:33:56,674 | INFO     | django.server | "GET /api/jobcards/ HTTP/1.1" 200 22246
2026-07-02 12:33:56,825 | INFO     | django.server | "GET /api/jobcards/ HTTP/1.1" 200 22246
2026-07-02 12:34:00,471 | INFO     | django.server | "GET /api/employees/ HTTP/1.1" 200 390
2026-07-02 12:34:00,472 | INFO     | django.server | "GET /api/settings/ HTTP/1.1" 200 8069
2026-07-02 12:34:00,495 | INFO     | django.server | "GET /api/jobcards/customer-tiers/ HTTP/1.1" 200 401
2026-07-02 12:34:00,497 | INFO     | django.server | "GET /api/employees/ HTTP/1.1" 200 390
2026-07-02 12:34:00,497 | INFO     | django.server | "GET /api/jobcards/customer-tiers/ HTTP/1.1" 200 401
2026-07-02 12:34:00,499 | INFO     | django.server | "GET /api/settings/ HTTP/1.1" 200 8069
2026-07-02 12:34:14,032 | INFO     | django.server | "OPTIONS /api/customers/check-vehicle/?vehicle_number=BH05AD5600 HTTP/1.1" 200 0
2026-07-02 12:34:14,050 | INFO     | django.server | "GET /api/customers/check-vehicle/?vehicle_number=BH05AD5600 HTTP/1.1" 200 16
2026-07-02 12:34:32,491 | INFO     | django.server | "GET /api/customers/vehicle-companies/?q=&vehicle_type=two_wheeler HTTP/1.1" 200 52
2026-07-02 12:34:34,312 | INFO     | django.server | "GET /api/customers/vehicle-models/?q=&company=TVS HTTP/1.1" 200 58
2026-07-02 12:34:36,381 | INFO     | django.server | "GET /api/customers/vehicle-colours/?q= HTTP/1.1" 200 94
2026-07-02 12:34:39,322 | INFO     | django.server | "OPTIONS /api/customers/check-customer/?phone_number=6589982345 HTTP/1.1" 200 0
2026-07-02 12:34:39,332 | INFO     | django.server | "GET /api/customers/check-customer/?phone_number=6589982345 HTTP/1.1" 200 16
2026-07-02 12:34:39,430 | INFO     | django.server | "GET /api/services/two_wheeler/ HTTP/1.1" 200 1653
2026-07-02 12:34:46,567 | INFO     | apps.jobcards.views | Job card create requested | owner_type=customer
2026-07-02 12:34:46,569 | WARNING  | apps.jobcards.views | Job card create validation failed | owner_type=customer errors={'customer': {'customer_name': [ErrorDetail(string='This field may not be blank.', code='blank')]}}
2026-07-02 12:34:46,571 | WARNING  | django.request | Bad Request: /api/jobcards/create-full/
2026-07-02 12:34:46,572 | WARNING  | django.server | "POST /api/jobcards/create-full/ HTTP/1.1" 400 63
2026-07-02 12:38:32,078 | INFO     | django.utils.autoreload | D:\car-detailing-crm\backend\apps\jobcards\serializers.py changed, reloading.
2026-07-02 12:38:33,917 | INFO     | apps.notifications.scheduler | Notification scheduler started — service_reminder: daily 10:00 AM | auto_absent: every 1 hr
2026-07-02 12:38:33,934 | INFO     | django.utils.autoreload | Watching for file changes with StatReloader
2026-07-02 12:38:38,609 | INFO     | apps.jobcards.views | Job card create requested | owner_type=customer
2026-07-02 12:38:38,628 | WARNING  | apps.jobcards.views | Job card create validation failed | owner_type=customer errors={'customer': {'customer_name': [ErrorDetail(string='This field may not be blank.', code='blank')]}}
2026-07-02 12:38:38,640 | WARNING  | django.request | Bad Request: /api/jobcards/create-full/
2026-07-02 12:38:38,642 | WARNING  | django.server | "POST /api/jobcards/create-full/ HTTP/1.1" 400 63
2026-07-02 12:39:28,865 | INFO     | django.utils.autoreload | D:\car-detailing-crm\backend\apps\jobcards\serializers.py changed, reloading.
2026-07-02 12:39:31,054 | INFO     | apps.notifications.scheduler | Notification scheduler started — service_reminder: daily 10:00 AM | auto_absent: every 1 hr
2026-07-02 12:39:31,067 | INFO     | django.utils.autoreload | Watching for file changes with StatReloader
2026-07-02 12:40:48,830 | INFO     | django.utils.autoreload | D:\car-detailing-crm\backend\apps\customers\models.py changed, reloading.
2026-07-02 12:40:50,563 | INFO     | apps.notifications.scheduler | Notification scheduler started — service_reminder: daily 10:00 AM | auto_absent: every 1 hr
2026-07-02 12:40:50,576 | INFO     | django.utils.autoreload | Watching for file changes with StatReloader
2026-07-02 12:42:01,379 | INFO     | django.utils.autoreload | D:\car-detailing-crm\backend\apps\jobcards\views.py changed, reloading.
2026-07-02 12:42:02,796 | INFO     | apps.notifications.scheduler | Notification scheduler started — service_reminder: daily 10:00 AM | auto_absent: every 1 hr
2026-07-02 12:42:02,809 | INFO     | django.utils.autoreload | Watching for file changes with StatReloader
2026-07-02 12:42:07,072 | INFO     | apps.jobcards.views | Job card create requested | owner_type=customer
2026-07-02 12:42:07,074 | WARNING  | apps.jobcards.views | Job card create validation failed | owner_type=customer errors={'customer': {'customer_name': [ErrorDetail(string='This field may not be blank.', code='blank')]}}
2026-07-02 12:42:07,078 | WARNING  | django.request | Bad Request: /api/jobcards/create-full/
2026-07-02 12:42:07,079 | WARNING  | django.server | "POST /api/jobcards/create-full/ HTTP/1.1" 400 63
2026-07-02 12:42:16,223 | INFO     | django.server | "GET /api/employees/ HTTP/1.1" 200 390
2026-07-02 12:42:16,247 | INFO     | django.server | "GET /api/employees/ HTTP/1.1" 200 390
2026-07-02 12:42:16,293 | INFO     | django.server | "GET /api/customers/vehicle-companies/ HTTP/1.1" 200 169
2026-07-02 12:42:16,306 | INFO     | django.server | "GET /api/customers/vehicle-companies/ HTTP/1.1" 200 169
2026-07-02 12:42:16,341 | INFO     | django.server | "GET /api/jobcards/customer-tiers/ HTTP/1.1" 200 401
2026-07-02 12:42:16,354 | INFO     | django.server | "GET /api/jobcards/customer-tiers/ HTTP/1.1" 200 401
2026-07-02 12:42:16,636 | INFO     | django.server | "GET /api/jobcards/ HTTP/1.1" 200 22246
2026-07-02 12:42:16,742 | INFO     | django.server | "GET /api/jobcards/ HTTP/1.1" 200 22246
2026-07-02 12:42:17,234 | INFO     | django.server | "GET /api/employees/ HTTP/1.1" 200 390
2026-07-02 12:42:17,235 | INFO     | django.server | "GET /api/settings/ HTTP/1.1" 200 8069
2026-07-02 12:42:17,246 | INFO     | django.server | "GET /api/jobcards/customer-tiers/ HTTP/1.1" 200 401
2026-07-02 12:42:17,246 | INFO     | django.server | "GET /api/employees/ HTTP/1.1" 200 390
2026-07-02 12:42:17,254 | INFO     | django.server | "GET /api/settings/ HTTP/1.1" 200 8069
2026-07-02 12:42:17,258 | INFO     | django.server | "GET /api/jobcards/customer-tiers/ HTTP/1.1" 200 401
2026-07-02 12:42:26,452 | INFO     | django.server | "GET /api/customers/check-vehicle/?vehicle_number=TN99ZA4321 HTTP/1.1" 200 16
2026-07-02 12:42:44,834 | INFO     | django.server | "GET /api/customers/vehicle-companies/?q=&vehicle_type=two_wheeler HTTP/1.1" 200 52
2026-07-02 12:42:46,280 | INFO     | django.server | "GET /api/customers/vehicle-models/?q=&company=TVS HTTP/1.1" 200 58
2026-07-02 12:42:47,682 | INFO     | django.server | "GET /api/customers/vehicle-colours/?q= HTTP/1.1" 200 94
2026-07-02 12:42:49,331 | INFO     | django.server | "OPTIONS /api/customers/check-customer/?phone_number=9856666667 HTTP/1.1" 200 0
2026-07-02 12:42:49,341 | INFO     | django.server | "GET /api/customers/check-customer/?phone_number=9856666667 HTTP/1.1" 200 16
2026-07-02 12:42:49,410 | INFO     | django.server | "GET /api/services/two_wheeler/ HTTP/1.1" 200 1653
2026-07-02 12:42:57,378 | INFO     | apps.jobcards.views | Job card create requested | owner_type=customer
2026-07-02 12:42:57,381 | WARNING  | apps.jobcards.views | Job card create validation failed | owner_type=customer errors={'customer': {'customer_name': [ErrorDetail(string='This field may not be blank.', code='blank')]}}
2026-07-02 12:42:57,383 | WARNING  | django.request | Bad Request: /api/jobcards/create-full/
2026-07-02 12:42:57,384 | WARNING  | django.server | "POST /api/jobcards/create-full/ HTTP/1.1" 400 63
2026-07-02 12:50:42,749 | INFO     | django.utils.autoreload | D:\car-detailing-crm\backend\apps\jobcards\serializers.py changed, reloading.
2026-07-02 12:50:45,156 | INFO     | apps.notifications.scheduler | Notification scheduler started — service_reminder: daily 10:00 AM | auto_absent: every 1 hr
2026-07-02 12:50:45,169 | INFO     | django.utils.autoreload | Watching for file changes with StatReloader
2026-07-02 12:50:46,102 | INFO     | apps.jobcards.views | Job card create requested | owner_type=customer
2026-07-02 12:50:46,103 | WARNING  | apps.jobcards.views | Job card create validation failed | owner_type=customer errors={'customer': {'customer_name': [ErrorDetail(string='This field may not be blank.', code='blank')]}}
2026-07-02 12:50:46,106 | WARNING  | django.request | Bad Request: /api/jobcards/create-full/
2026-07-02 12:50:46,107 | WARNING  | django.server | "POST /api/jobcards/create-full/ HTTP/1.1" 400 63
2026-07-02 12:53:33,374 | INFO     | django.utils.autoreload | D:\car-detailing-crm\backend\apps\jobcards\serializers.py changed, reloading.
2026-07-02 12:53:35,332 | INFO     | apps.notifications.scheduler | Notification scheduler started — service_reminder: daily 10:00 AM | auto_absent: every 1 hr
2026-07-02 12:53:35,344 | INFO     | django.utils.autoreload | Watching for file changes with StatReloader
2026-07-02 12:53:52,240 | INFO     | apps.jobcards.views | Job card create requested | owner_type=customer
2026-07-02 12:53:52,386 | INFO     | apps.jobcards.views | Job card created | id=17 number=JC-2026-016 owner_type=customer total=2041.4000
2026-07-02 12:53:52,457 | INFO     | apps.notifications.signals | Notification 36 dispatching to 919856666667 | trigger=job_checkin
2026-07-02 12:53:52,458 | INFO     | apps.jobcards.views | Job card check-in notification queued | number=JC-2026-016 phone=9856666667
2026-07-02 12:53:52,527 | INFO     | django.server | "POST /api/jobcards/create-full/ HTTP/1.1" 201 1686
2026-07-02 12:53:52,559 | ERROR    | apps.notifications.whatsapp | META_WHATSAPP_ACCESS_TOKEN or META_WHATSAPP_PHONE_NUMBER_ID not set in settings.
2026-07-02 12:53:52,628 | ERROR    | apps.notifications.signals | Notification 36 failed: Missing WhatsApp credentials in environment.
2026-07-02 12:53:52,628 | INFO     | django.server | "OPTIONS /api/jobcards/17/ HTTP/1.1" 200 0
2026-07-02 12:53:52,629 | INFO     | django.server | "GET /api/settings/ HTTP/1.1" 200 8069
2026-07-02 12:53:52,642 | INFO     | django.server | "OPTIONS /api/employees/ HTTP/1.1" 200 0
2026-07-02 12:53:52,657 | INFO     | django.server | "OPTIONS /api/jobcards/17/ HTTP/1.1" 200 0
2026-07-02 12:53:52,661 | INFO     | django.server | "OPTIONS /api/employees/ HTTP/1.1" 200 0
2026-07-02 12:53:52,745 | INFO     | django.server | "GET /api/employees/ HTTP/1.1" 200 390
2026-07-02 12:53:52,762 | INFO     | django.server | "GET /api/employees/ HTTP/1.1" 200 390
2026-07-02 12:53:52,818 | INFO     | django.server | "GET /api/services/ HTTP/1.1" 200 2632
2026-07-02 12:53:52,877 | INFO     | django.server | "GET /api/services/ HTTP/1.1" 200 2632
2026-07-02 12:53:52,885 | INFO     | django.server | "GET /api/jobcards/17/ HTTP/1.1" 200 1686
2026-07-02 12:53:52,969 | INFO     | django.server | "GET /api/jobcards/17/ HTTP/1.1" 200 1686
2026-07-02 12:54:01,402 | INFO     | django.server | "OPTIONS /api/customers/vehicle-companies/ HTTP/1.1" 200 0
2026-07-02 12:54:01,403 | INFO     | django.server | "OPTIONS /api/jobcards/customer-tiers/ HTTP/1.1" 200 0
2026-07-02 12:54:01,405 | INFO     | django.server | "OPTIONS /api/jobcards/ HTTP/1.1" 200 0
2026-07-02 12:54:01,439 | INFO     | django.server | "GET /api/customers/vehicle-companies/ HTTP/1.1" 200 169
2026-07-02 12:54:01,465 | INFO     | django.server | "GET /api/jobcards/customer-tiers/ HTTP/1.1" 200 401
2026-07-02 12:54:01,471 | INFO     | django.server | "GET /api/customers/vehicle-companies/ HTTP/1.1" 200 169
2026-07-02 12:54:01,548 | INFO     | django.server | "GET /api/employees/ HTTP/1.1" 200 390
2026-07-02 12:54:01,573 | INFO     | django.server | "GET /api/employees/ HTTP/1.1" 200 390
2026-07-02 12:54:01,577 | INFO     | django.server | "GET /api/jobcards/customer-tiers/ HTTP/1.1" 200 401
2026-07-02 12:54:01,596 | INFO     | django.server | "GET /api/jobcards/ HTTP/1.1" 200 23933
2026-07-02 12:54:01,725 | INFO     | django.server | "GET /api/jobcards/ HTTP/1.1" 200 23933
2026-07-02 12:54:03,054 | INFO     | django.server | "OPTIONS /api/customers/ HTTP/1.1" 200 0
2026-07-02 12:54:03,054 | INFO     | django.server | "OPTIONS /api/customers/ HTTP/1.1" 200 0
2026-07-02 12:54:03,077 | INFO     | django.server | "GET /api/customers/ HTTP/1.1" 200 5241
2026-07-02 12:54:03,128 | INFO     | django.server | "GET /api/customers/ HTTP/1.1" 200 5241
2026-07-02 12:54:03,374 | INFO     | django.server | "GET /api/customers/ HTTP/1.1" 200 5241
2026-07-02 12:54:04,030 | INFO     | django.server | "OPTIONS /api/jobcards/customer-report/ HTTP/1.1" 200 0
2026-07-02 12:54:04,030 | INFO     | django.server | "OPTIONS /api/jobcards/customer-report/ HTTP/1.1" 200 0
2026-07-02 12:54:04,030 | INFO     | django.server | "OPTIONS /api/jobcards/customer-analytics/ HTTP/1.1" 200 0
2026-07-02 12:54:04,031 | INFO     | django.server | "OPTIONS /api/jobcards/customer-analytics/ HTTP/1.1" 200 0
2026-07-02 12:54:04,060 | INFO     | django.server | "GET /api/jobcards/customer-report/ HTTP/1.1" 200 1504
2026-07-02 12:54:04,071 | INFO     | django.server | "GET /api/jobcards/customer-analytics/ HTTP/1.1" 200 1259
2026-07-02 12:54:04,080 | INFO     | django.server | "GET /api/jobcards/customer-report/ HTTP/1.1" 200 1504
2026-07-02 12:54:04,087 | INFO     | django.server | "GET /api/jobcards/customer-analytics/ HTTP/1.1" 200 1259
2026-07-02 13:08:40,199 | INFO     | django.utils.autoreload | D:\car-detailing-crm\backend\apps\jobcards\views.py changed, reloading.
2026-07-02 13:08:42,758 | INFO     | apps.notifications.scheduler | Notification scheduler started — service_reminder: daily 10:00 AM | auto_absent: every 1 hr
2026-07-02 13:08:42,775 | INFO     | django.utils.autoreload | Watching for file changes with StatReloader
2026-07-02 13:10:04,821 | INFO     | django.server | "GET /api/customers/ HTTP/1.1" 200 5241
2026-07-02 13:10:04,852 | INFO     | django.server | "GET /api/customers/ HTTP/1.1" 200 5241
2026-07-02 13:10:04,958 | INFO     | django.server | "GET /api/customers/ HTTP/1.1" 200 5241
2026-07-02 13:10:07,915 | INFO     | django.server | "GET /api/jobcards/customer-report/ HTTP/1.1" 200 1504
2026-07-02 13:10:07,926 | INFO     | django.server | "GET /api/jobcards/customer-report/ HTTP/1.1" 200 1504
2026-07-02 13:10:08,337 | ERROR    | django.request | Internal Server Error: /api/jobcards/customer-analytics/
Traceback (most recent call last):
  File "D:\car-detailing-crm\backend\venv\Lib\site-packages\django\core\handlers\exception.py", line 55, in inner
    response = get_response(request)
  File "D:\car-detailing-crm\backend\venv\Lib\site-packages\django\core\handlers\base.py", line 198, in _get_response
    response = wrapped_callback(request, *callback_args, **callback_kwargs)
  File "D:\car-detailing-crm\backend\venv\Lib\site-packages\django\views\decorators\csrf.py", line 65, in _view_wrapper
    return view_func(request, *args, **kwargs)
  File "D:\car-detailing-crm\backend\venv\Lib\site-packages\django\views\generic\base.py", line 106, in view
    return self.dispatch(request, *args, **kwargs)
           ~~~~~~~~~~~~~^^^^^^^^^^^^^^^^^^^^^^^^^^
  File "D:\car-detailing-crm\backend\venv\Lib\site-packages\rest_framework\views.py", line 515, in dispatch
    response = self.handle_exception(exc)
  File "D:\car-detailing-crm\backend\venv\Lib\site-packages\rest_framework\views.py", line 475, in handle_exception
    self.raise_uncaught_exception(exc)
    ~~~~~~~~~~~~~~~~~~~~~~~~~~~~~^^^^^
  File "D:\car-detailing-crm\backend\venv\Lib\site-packages\rest_framework\views.py", line 486, in raise_uncaught_exception
    raise exc
  File "D:\car-detailing-crm\backend\venv\Lib\site-packages\rest_framework\views.py", line 512, in dispatch
    response = handler(request, *args, **kwargs)
  File "D:\car-detailing-crm\backend\apps\jobcards\views.py", line 621, in get
    .values('customer_asset__customer_id', 'customer_asset__customer__customer_name', 'cutomer_asset__customer__phone_number',)
     ~~~~~~^^^^^^^^^^^^^^^^^^^^^^^^^^^^^^^^^^^^^^^^^^^^^^^^^^^^^^^^^^^^^^^^^^^^^^^^^^^^^^^^^^^^^^^^^^^^^^^^^^^^^^^^^^^^^^^^^^^^
  File "D:\car-detailing-crm\backend\venv\Lib\site-packages\django\db\models\manager.py", line 87, in manager_method
    return getattr(self.get_queryset(), name)(*args, **kwargs)
           ~~~~~~~~~~~~~~~~~~~~~~~~~~~~~~~~~~^^^^^^^^^^^^^^^^^
  File "D:\car-detailing-crm\backend\venv\Lib\site-packages\django\db\models\query.py", line 1414, in values
    clone = self._values(*fields, **expressions)
  File "D:\car-detailing-crm\backend\venv\Lib\site-packages\django\db\models\query.py", line 1409, in _values
    clone.query.set_values(fields)
    ~~~~~~~~~~~~~~~~~~~~~~^^^^^^^^
  File "D:\car-detailing-crm\backend\venv\Lib\site-packages\django\db\models\sql\query.py", line 2615, in set_values
    self.add_fields(field_names, True)
    ~~~~~~~~~~~~~~~^^^^^^^^^^^^^^^^^^^
  File "D:\car-detailing-crm\backend\venv\Lib\site-packages\django\db\models\sql\query.py", line 2276, in add_fields
    join_info = self.setup_joins(
        name.split(LOOKUP_SEP), opts, alias, allow_many=allow_m2m
    )
  File "D:\car-detailing-crm\backend\venv\Lib\site-packages\django\db\models\sql\query.py", line 1937, in setup_joins
    path, final_field, targets, rest = self.names_to_path(
                                       ~~~~~~~~~~~~~~~~~~^
        names[:pivot],
        ^^^^^^^^^^^^^^
    ...<2 lines>...
        fail_on_missing=True,
        ^^^^^^^^^^^^^^^^^^^^^
    )
    ^
  File "D:\car-detailing-crm\backend\venv\Lib\site-packages\django\db\models\sql\query.py", line 1842, in names_to_path
    raise FieldError(
    ...<2 lines>...
    )
django.core.exceptions.FieldError: Cannot resolve keyword 'cutomer_asset' into field. Choices are: base_amount, complaints, customer_asset, customer_asset_id, employee, employee_id, garage_owner, garage_owner_id, gst_amount, gst_percent, id, job_card_date, job_card_number, job_card_services, job_card_status, payments, sales_products, share_token, total_amount, vehicle_entry_time, vehicle_exit_time, vehicle_expected_exit_time, vehicle_kilometers, vehicle_sub_type
2026-07-02 13:10:08,356 | ERROR    | django.server | "GET /api/jobcards/customer-analytics/ HTTP/1.1" 500 25968
2026-07-02 13:10:08,401 | ERROR    | django.request | Internal Server Error: /api/jobcards/customer-analytics/
Traceback (most recent call last):
  File "D:\car-detailing-crm\backend\venv\Lib\site-packages\django\core\handlers\exception.py", line 55, in inner
    response = get_response(request)
  File "D:\car-detailing-crm\backend\venv\Lib\site-packages\django\core\handlers\base.py", line 198, in _get_response
    response = wrapped_callback(request, *callback_args, **callback_kwargs)
  File "D:\car-detailing-crm\backend\venv\Lib\site-packages\django\views\decorators\csrf.py", line 65, in _view_wrapper
    return view_func(request, *args, **kwargs)
  File "D:\car-detailing-crm\backend\venv\Lib\site-packages\django\views\generic\base.py", line 106, in view
    return self.dispatch(request, *args, **kwargs)
           ~~~~~~~~~~~~~^^^^^^^^^^^^^^^^^^^^^^^^^^
  File "D:\car-detailing-crm\backend\venv\Lib\site-packages\rest_framework\views.py", line 515, in dispatch
    response = self.handle_exception(exc)
  File "D:\car-detailing-crm\backend\venv\Lib\site-packages\rest_framework\views.py", line 475, in handle_exception
    self.raise_uncaught_exception(exc)
    ~~~~~~~~~~~~~~~~~~~~~~~~~~~~~^^^^^
  File "D:\car-detailing-crm\backend\venv\Lib\site-packages\rest_framework\views.py", line 486, in raise_uncaught_exception
    raise exc
  File "D:\car-detailing-crm\backend\venv\Lib\site-packages\rest_framework\views.py", line 512, in dispatch
    response = handler(request, *args, **kwargs)
  File "D:\car-detailing-crm\backend\apps\jobcards\views.py", line 621, in get
    .values('customer_asset__customer_id', 'customer_asset__customer__customer_name', 'cutomer_asset__customer__phone_number',)
     ~~~~~~^^^^^^^^^^^^^^^^^^^^^^^^^^^^^^^^^^^^^^^^^^^^^^^^^^^^^^^^^^^^^^^^^^^^^^^^^^^^^^^^^^^^^^^^^^^^^^^^^^^^^^^^^^^^^^^^^^^^
  File "D:\car-detailing-crm\backend\venv\Lib\site-packages\django\db\models\manager.py", line 87, in manager_method
    return getattr(self.get_queryset(), name)(*args, **kwargs)
           ~~~~~~~~~~~~~~~~~~~~~~~~~~~~~~~~~~^^^^^^^^^^^^^^^^^
  File "D:\car-detailing-crm\backend\venv\Lib\site-packages\django\db\models\query.py", line 1414, in values
    clone = self._values(*fields, **expressions)
  File "D:\car-detailing-crm\backend\venv\Lib\site-packages\django\db\models\query.py", line 1409, in _values
    clone.query.set_values(fields)
    ~~~~~~~~~~~~~~~~~~~~~~^^^^^^^^
  File "D:\car-detailing-crm\backend\venv\Lib\site-packages\django\db\models\sql\query.py", line 2615, in set_values
    self.add_fields(field_names, True)
    ~~~~~~~~~~~~~~~^^^^^^^^^^^^^^^^^^^
  File "D:\car-detailing-crm\backend\venv\Lib\site-packages\django\db\models\sql\query.py", line 2276, in add_fields
    join_info = self.setup_joins(
        name.split(LOOKUP_SEP), opts, alias, allow_many=allow_m2m
    )
  File "D:\car-detailing-crm\backend\venv\Lib\site-packages\django\db\models\sql\query.py", line 1937, in setup_joins
    path, final_field, targets, rest = self.names_to_path(
                                       ~~~~~~~~~~~~~~~~~~^
        names[:pivot],
        ^^^^^^^^^^^^^^
    ...<2 lines>...
        fail_on_missing=True,
        ^^^^^^^^^^^^^^^^^^^^^
    )
    ^
  File "D:\car-detailing-crm\backend\venv\Lib\site-packages\django\db\models\sql\query.py", line 1842, in names_to_path
    raise FieldError(
    ...<2 lines>...
    )
django.core.exceptions.FieldError: Cannot resolve keyword 'cutomer_asset' into field. Choices are: base_amount, complaints, customer_asset, customer_asset_id, employee, employee_id, garage_owner, garage_owner_id, gst_amount, gst_percent, id, job_card_date, job_card_number, job_card_services, job_card_status, payments, sales_products, share_token, total_amount, vehicle_entry_time, vehicle_exit_time, vehicle_expected_exit_time, vehicle_kilometers, vehicle_sub_type
2026-07-02 13:10:08,406 | ERROR    | django.server | "GET /api/jobcards/customer-analytics/ HTTP/1.1" 500 25968
2026-07-02 13:11:44,268 | INFO     | django.utils.autoreload | D:\car-detailing-crm\backend\apps\jobcards\views.py changed, reloading.
2026-07-02 13:11:46,158 | INFO     | apps.notifications.scheduler | Notification scheduler started — service_reminder: daily 10:00 AM | auto_absent: every 1 hr
2026-07-02 13:11:46,172 | INFO     | django.utils.autoreload | Watching for file changes with StatReloader
2026-07-02 13:11:49,131 | INFO     | django.server | "GET /api/customers/ HTTP/1.1" 200 5241
2026-07-02 13:11:49,164 | INFO     | django.server | "GET /api/customers/ HTTP/1.1" 200 5241
2026-07-02 13:11:49,220 | INFO     | django.server | "GET /api/customers/ HTTP/1.1" 200 5241
2026-07-02 13:11:50,622 | INFO     | django.server | "GET /api/jobcards/customer-report/ HTTP/1.1" 200 1504
2026-07-02 13:11:50,634 | INFO     | django.server | "GET /api/jobcards/customer-report/ HTTP/1.1" 200 1504
2026-07-02 13:11:50,690 | INFO     | django.server | "GET /api/jobcards/customer-analytics/ HTTP/1.1" 200 1539
2026-07-02 13:11:50,707 | INFO     | django.server | "GET /api/jobcards/customer-analytics/ HTTP/1.1" 200 1539
2026-07-02 13:13:40,800 | INFO     | django.server | "GET /api/finance/dashboard/?month=2026-07 HTTP/1.1" 200 1249
2026-07-02 13:13:40,811 | INFO     | django.server | "GET /api/finance/income/?month=2026-07&search= HTTP/1.1" 200 1241
2026-07-02 13:13:40,833 | INFO     | django.server | "GET /api/finance/expense/?month=2026-07&search=&category= HTTP/1.1" 200 2
2026-07-02 13:13:40,845 | INFO     | django.server | "GET /api/finance/dashboard/?month=2026-07 HTTP/1.1" 200 1249
2026-07-02 13:13:40,849 | INFO     | django.server | "GET /api/finance/income/?month=2026-07&search= HTTP/1.1" 200 1241
2026-07-02 13:13:40,920 | INFO     | django.server | "GET /api/finance/expense/?month=2026-07&search=&category= HTTP/1.1" 200 2
2026-07-02 13:14:57,418 | INFO     | django.server | "GET /api/customers/vehicle-companies/ HTTP/1.1" 200 169
2026-07-02 13:14:57,419 | INFO     | django.server | "GET /api/jobcards/customer-tiers/ HTTP/1.1" 200 401
2026-07-02 13:14:57,472 | INFO     | django.server | "GET /api/employees/ HTTP/1.1" 200 390
2026-07-02 13:14:57,473 | INFO     | django.server | "GET /api/customers/vehicle-companies/ HTTP/1.1" 200 169
2026-07-02 13:14:57,475 | INFO     | django.server | "GET /api/jobcards/customer-tiers/ HTTP/1.1" 200 401
2026-07-02 13:14:57,501 | INFO     | django.server | "GET /api/employees/ HTTP/1.1" 200 390
2026-07-02 13:14:57,677 | INFO     | django.server | "GET /api/jobcards/ HTTP/1.1" 200 23933
2026-07-02 13:14:57,816 | INFO     | django.server | "GET /api/jobcards/ HTTP/1.1" 200 23933
2026-07-02 13:14:58,548 | INFO     | django.server | "GET /api/customers/ HTTP/1.1" 200 5241
2026-07-02 13:14:58,570 | INFO     | django.server | "GET /api/customers/ HTTP/1.1" 200 5241
2026-07-02 13:14:58,858 | INFO     | django.server | "GET /api/customers/ HTTP/1.1" 200 5241
2026-07-02 13:14:59,679 | INFO     | django.server | "GET /api/jobcards/customer-report/ HTTP/1.1" 200 1504
2026-07-02 13:14:59,679 | INFO     | django.server | "GET /api/jobcards/customer-analytics/ HTTP/1.1" 200 1539
2026-07-02 13:14:59,703 | INFO     | django.server | "GET /api/jobcards/customer-analytics/ HTTP/1.1" 200 1539
2026-07-02 13:14:59,703 | INFO     | django.server | "GET /api/jobcards/customer-report/ HTTP/1.1" 200 1504
2026-07-02 13:15:26,689 | INFO     | django.server | "GET /api/customers/ HTTP/1.1" 200 5241
2026-07-02 13:15:26,717 | INFO     | django.server | "GET /api/customers/ HTTP/1.1" 200 5241
2026-07-02 13:15:26,986 | INFO     | django.server | "GET /api/customers/ HTTP/1.1" 200 5241
2026-07-02 13:15:29,197 | INFO     | django.server | "GET /api/jobcards/customer-report/ HTTP/1.1" 200 1504
2026-07-02 13:15:29,198 | INFO     | django.server | "GET /api/jobcards/customer-analytics/ HTTP/1.1" 200 1539
2026-07-02 13:15:29,217 | INFO     | django.server | "GET /api/jobcards/customer-report/ HTTP/1.1" 200 1504
2026-07-02 13:15:29,217 | INFO     | django.server | "GET /api/jobcards/customer-analytics/ HTTP/1.1" 200 1539
2026-07-02 13:17:27,129 | INFO     | django.server | "OPTIONS /api/jobcards/sales-analytics/ HTTP/1.1" 200 0
2026-07-02 13:17:27,129 | INFO     | django.server | "OPTIONS /api/jobcards/sales-analytics/ HTTP/1.1" 200 0
2026-07-02 13:17:27,159 | INFO     | django.server | "GET /api/jobcards/sales-analytics/ HTTP/1.1" 200 263
2026-07-02 13:17:27,174 | INFO     | django.server | "GET /api/jobcards/sales-analytics/ HTTP/1.1" 200 263
2026-07-02 13:17:28,489 | INFO     | django.server | "OPTIONS /api/jobcards/sales-inventory/ HTTP/1.1" 200 0
2026-07-02 13:17:28,510 | INFO     | django.server | "GET /api/jobcards/sales-inventory/ HTTP/1.1" 200 174
2026-07-02 13:19:46,683 | INFO     | django.utils.autoreload | D:\car-detailing-crm\backend\apps\jobcards\views.py changed, reloading.
2026-07-02 13:19:49,721 | INFO     | apps.notifications.scheduler | Notification scheduler started — service_reminder: daily 10:00 AM | auto_absent: every 1 hr
2026-07-02 13:19:49,739 | INFO     | django.utils.autoreload | Watching for file changes with StatReloader
2026-07-02 13:20:36,503 | INFO     | django.server | "GET /api/customers/vehicle-companies/ HTTP/1.1" 200 169
2026-07-02 13:20:36,532 | INFO     | django.server | "GET /api/employees/ HTTP/1.1" 200 390
2026-07-02 13:20:36,538 | INFO     | django.server | "GET /api/customers/vehicle-companies/ HTTP/1.1" 200 169
2026-07-02 13:20:36,548 | INFO     | django.server | "GET /api/jobcards/customer-tiers/ HTTP/1.1" 200 401
2026-07-02 13:20:36,549 | INFO     | django.server | "GET /api/employees/ HTTP/1.1" 200 390
2026-07-02 13:20:36,556 | INFO     | django.server | "GET /api/jobcards/customer-tiers/ HTTP/1.1" 200 401
2026-07-02 13:20:36,779 | INFO     | django.server | "GET /api/jobcards/ HTTP/1.1" 200 23933
2026-07-02 13:20:36,896 | INFO     | django.server | "GET /api/jobcards/ HTTP/1.1" 200 23933
2026-07-02 13:20:43,069 | INFO     | django.server | "OPTIONS /api/jobcards/17/payments/ HTTP/1.1" 200 0
2026-07-02 13:20:43,081 | INFO     | django.server | "GET /api/jobcards/17/payments/ HTTP/1.1" 200 2
2026-07-02 13:20:45,643 | INFO     | apps.notifications.signals | Notification 37 dispatching to 919856666667 | trigger=payment_received
2026-07-02 13:20:45,646 | INFO     | django.server | "POST /api/jobcards/17/payments/ HTTP/1.1" 201 205
2026-07-02 13:20:45,747 | ERROR    | apps.notifications.whatsapp | META_WHATSAPP_ACCESS_TOKEN or META_WHATSAPP_PHONE_NUMBER_ID not set in settings.
2026-07-02 13:20:45,836 | ERROR    | apps.notifications.signals | Notification 37 failed: Missing WhatsApp credentials in environment.
2026-07-02 13:20:45,847 | INFO     | django.server | "GET /api/jobcards/ HTTP/1.1" 200 24139
2026-07-02 13:25:41,995 | INFO     | django.server | "GET /api/finance/expense/?month=2026-07&search=&category= HTTP/1.1" 200 2
2026-07-02 13:25:42,006 | INFO     | django.server | "GET /api/finance/expense/?month=2026-07&search=&category= HTTP/1.1" 200 2
2026-07-02 13:25:42,045 | INFO     | django.server | "GET /api/finance/dashboard/?month=2026-07 HTTP/1.1" 200 1250
2026-07-02 13:25:42,065 | INFO     | django.server | "GET /api/finance/income/?month=2026-07&search= HTTP/1.1" 200 1657
2026-07-02 13:25:42,074 | INFO     | django.server | "GET /api/finance/dashboard/?month=2026-07 HTTP/1.1" 200 1250
2026-07-02 13:25:42,090 | INFO     | django.server | "GET /api/finance/income/?month=2026-07&search= HTTP/1.1" 200 1657
2026-07-02 13:29:29,036 | INFO     | django.utils.autoreload | D:\car-detailing-crm\backend\apps\finance\views.py changed, reloading.
2026-07-02 13:29:33,983 | INFO     | apps.notifications.scheduler | Notification scheduler started — service_reminder: daily 10:00 AM | auto_absent: every 1 hr
2026-07-02 13:29:34,039 | INFO     | django.utils.autoreload | Watching for file changes with StatReloader
2026-07-02 13:29:36,620 | INFO     | django.server | "GET /api/finance/expense/?month=2026-07&search=&category= HTTP/1.1" 200 2
2026-07-02 13:29:36,646 | INFO     | django.server | "GET /api/finance/expense/?month=2026-07&search=&category= HTTP/1.1" 200 2
2026-07-02 13:29:36,695 | INFO     | django.server | "GET /api/finance/dashboard/?month=2026-07 HTTP/1.1" 200 1250
2026-07-02 13:29:36,730 | INFO     | django.server | "GET /api/finance/dashboard/?month=2026-07 HTTP/1.1" 200 1250
2026-07-02 13:29:36,738 | INFO     | django.server | "GET /api/finance/income/?month=2026-07&search= HTTP/1.1" 200 1673
2026-07-02 13:29:36,764 | INFO     | django.server | "GET /api/finance/income/?month=2026-07&search= HTTP/1.1" 200 1673
2026-07-02 13:29:40,659 | INFO     | django.server | "GET /api/finance/expense/?month=2026-07&search=&category= HTTP/1.1" 200 2
2026-07-02 13:29:40,680 | INFO     | django.server | "GET /api/finance/expense/?month=2026-07&search=&category= HTTP/1.1" 200 2
2026-07-02 13:29:40,685 | INFO     | django.server | "GET /api/finance/dashboard/?month=2026-07 HTTP/1.1" 200 1250
2026-07-02 13:29:40,707 | INFO     | django.server | "GET /api/finance/income/?month=2026-07&search= HTTP/1.1" 200 1673
2026-07-02 13:29:40,719 | INFO     | django.server | "GET /api/finance/dashboard/?month=2026-07 HTTP/1.1" 200 1250
2026-07-02 13:29:40,729 | INFO     | django.server | "GET /api/finance/income/?month=2026-07&search= HTTP/1.1" 200 1673
2026-07-02 13:30:51,073 | INFO     | django.server | "GET /api/customers/ HTTP/1.1" 200 5241
2026-07-02 13:30:51,107 | INFO     | django.server | "GET /api/customers/ HTTP/1.1" 200 5241
2026-07-02 13:30:51,376 | INFO     | django.server | "GET /api/customers/ HTTP/1.1" 200 5241
2026-07-02 13:30:54,382 | INFO     | django.server | "GET /api/jobcards/customer-tiers/ HTTP/1.1" 200 401
2026-07-02 13:30:54,389 | INFO     | django.server | "GET /api/customers/vehicle-companies/ HTTP/1.1" 200 169
2026-07-02 13:30:54,432 | INFO     | django.server | "GET /api/employees/ HTTP/1.1" 200 390
2026-07-02 13:30:54,433 | INFO     | django.server | "GET /api/customers/vehicle-companies/ HTTP/1.1" 200 169
2026-07-02 13:30:54,456 | INFO     | django.server | "GET /api/employees/ HTTP/1.1" 200 390
2026-07-02 13:30:54,537 | INFO     | django.server | "GET /api/jobcards/customer-tiers/ HTTP/1.1" 200 401
2026-07-02 13:30:54,706 | INFO     | django.server | "GET /api/jobcards/ HTTP/1.1" 200 24139
2026-07-02 13:30:54,855 | INFO     | django.server | "GET /api/jobcards/ HTTP/1.1" 200 24139
2026-07-02 13:34:47,974 | INFO     | django.server | "GET /api/employees/ HTTP/1.1" 200 390
2026-07-02 13:34:47,975 | INFO     | django.server | "GET /api/jobcards/customer-tiers/ HTTP/1.1" 200 401
2026-07-02 13:34:47,984 | INFO     | django.server | "GET /api/settings/ HTTP/1.1" 200 8069
2026-07-02 13:34:47,997 | INFO     | django.server | "GET /api/jobcards/customer-tiers/ HTTP/1.1" 200 401
2026-07-02 13:34:47,997 | INFO     | django.server | "GET /api/employees/ HTTP/1.1" 200 390
2026-07-02 13:34:48,004 | INFO     | django.server | "GET /api/settings/ HTTP/1.1" 200 8069
2026-07-02 13:35:14,453 | INFO     | django.server | "GET /api/jobcards/customer-tiers/ HTTP/1.1" 200 401
2026-07-02 13:35:14,455 | INFO     | django.server | "GET /api/employees/ HTTP/1.1" 200 390
2026-07-02 13:35:14,483 | INFO     | django.server | "GET /api/customers/vehicle-companies/ HTTP/1.1" 200 169
2026-07-02 13:35:14,487 | INFO     | django.server | "GET /api/jobcards/customer-tiers/ HTTP/1.1" 200 401
2026-07-02 13:35:14,503 | INFO     | django.server | "GET /api/employees/ HTTP/1.1" 200 390
2026-07-02 13:35:14,510 | INFO     | django.server | "GET /api/customers/vehicle-companies/ HTTP/1.1" 200 169
2026-07-02 13:35:14,620 | INFO     | django.server | "GET /api/jobcards/ HTTP/1.1" 200 24139
2026-07-02 13:35:14,722 | INFO     | django.server | "GET /api/jobcards/ HTTP/1.1" 200 24139
